-- phpMyAdmin SQL Dump
-- version 4.8.3
-- https://www.phpmyadmin.net/
--
-- Anamakine: localhost:3306
-- Üretim Zamanı: 12 Nis 2019, 04:07:07
-- Sunucu sürümü: 5.7.25
-- PHP Sürümü: 7.2.7

SET SQL_MODE = "NO_AUTO_VALUE_ON_ZERO";
SET AUTOCOMMIT = 0;
START TRANSACTION;
SET time_zone = "+00:00";


/*!40101 SET @OLD_CHARACTER_SET_CLIENT=@@CHARACTER_SET_CLIENT */;
/*!40101 SET @OLD_CHARACTER_SET_RESULTS=@@CHARACTER_SET_RESULTS */;
/*!40101 SET @OLD_COLLATION_CONNECTION=@@COLLATION_CONNECTION */;
/*!40101 SET NAMES utf8mb4 */;

--
-- Veritabanı: `dafron_dbdemo`
--

-- --------------------------------------------------------

--
-- Tablo için tablo yapısı `admin`
--

CREATE TABLE `admin` (
  `AdminID` int(11) NOT NULL,
  `AdminEmail` varchar(500) DEFAULT NULL,
  `AdminPassword` varchar(500) DEFAULT NULL,
  `AdminFirstName` varchar(50) DEFAULT NULL,
  `AdminLastName` varchar(50) DEFAULT NULL,
  `AdminEmailVerified` tinyint(1) DEFAULT '0',
  `AdminRegistrationDate` timestamp NULL DEFAULT CURRENT_TIMESTAMP,
  `AdminVerificationCode` varchar(20) DEFAULT NULL,
  `AdminIP` varchar(50) DEFAULT NULL,
  `AdminAuthority` int(11) NOT NULL
) ENGINE=MyISAM DEFAULT CHARSET=utf8;

--
-- Tablo döküm verisi `admin`
--

INSERT INTO `admin` (`AdminID`, `AdminEmail`, `AdminPassword`, `AdminFirstName`, `AdminLastName`, `AdminEmailVerified`, `AdminRegistrationDate`, `AdminVerificationCode`, `AdminIP`, `AdminAuthority`) VALUES
(1, 'demo@demo.com', '123456', 'admin', 'admin', 1, '2019-03-27 05:23:16', '0000', '1.1.1.1', 1);

-- --------------------------------------------------------

--
-- Tablo için tablo yapısı `altbanner`
--

CREATE TABLE `altbanner` (
  `altbannerID` int(11) NOT NULL,
  `altbannerName` varchar(255) NOT NULL,
  `altbannerImage` varchar(255) NOT NULL,
  `altbannerLink` varchar(255) NOT NULL
) ENGINE=MyISAM DEFAULT CHARSET=utf8;

--
-- Tablo döküm verisi `altbanner`
--

INSERT INTO `altbanner` (`altbannerID`, `altbannerName`, `altbannerImage`, `altbannerLink`) VALUES
(1, 'FUTBOL  <span>ÜRÜNLERİ</span>', 'assets/images/banner/df-category-banner-5.png', ''),
(2, 'BASKETBOL<span> ÜRÜNLERİ</span>', 'assets/images/banner/df-category-banner-6.png', ''),
(3, 'VOLEYBOL  <span> ÜRÜNLERİ</span>', 'assets/images/banner/df-category-banner-7.png', ''),
(4, 'VÜCUT  <span>GELİŞTİRME</span>', 'assets/images/banner/df-category-banner-8.png', ''),
(5, 'DÖVÜŞ  <span> SPORLARI</span>', 'assets/images/banner/df-category-banner-9.png', ''),
(6, 'TENİS  <span> ÜRÜNLERİ</span>', 'assets/images/banner/df-category-banner-10.png', ''),
(7, 'FITNESS  <span> ÜRÜNLERİ</span>', 'assets/images/banner/df-category-banner-11.png', ''),
(8, 'KOŞU  <span> ÜRÜNLERİ</span>', 'assets/images/banner/df-category-banner-12.png', ''),
(9, 'ATLETİZM  <span> ÜRÜNLERİ</span>', 'assets/images/banner/df-category-banner-13.png', ''),
(10, 'YÜZÜCÜ  <span> ÜRÜNLERİ</span>', 'assets/images/banner/df-category-banner-14.png', ''),
(11, 'HENTBOL  <span> ÜRÜNLERİ</span>', 'assets/images/banner/df-category-banner-15.png', ''),
(12, 'OUTDOOR  <span> ÜRÜNLERİ</span>', 'assets/images/banner/df-category-banner-16.png', '');

-- --------------------------------------------------------

--
-- Tablo için tablo yapısı `b2b_bayi`
--

CREATE TABLE `b2b_bayi` (
  `bayi_id` int(11) NOT NULL,
  `bayi_unvan` varchar(255) NOT NULL,
  `bayi_ad` varchar(255) NOT NULL,
  `bayi_soyad` varchar(255) NOT NULL,
  `bayi_email` varchar(255) NOT NULL,
  `bayi_tel` varchar(255) NOT NULL,
  `bayi_vergino` int(30) NOT NULL,
  `bayi_tc` int(11) NOT NULL
) ENGINE=MyISAM DEFAULT CHARSET=utf8 COMMENT='b2b';

-- --------------------------------------------------------

--
-- Tablo için tablo yapısı `banner`
--

CREATE TABLE `banner` (
  `bannerID` int(11) NOT NULL,
  `bannerName` varchar(255) NOT NULL,
  `bannerImage` varchar(255) NOT NULL,
  `bannerLink` varchar(255) NOT NULL
) ENGINE=MyISAM DEFAULT CHARSET=utf8;

--
-- Tablo döküm verisi `banner`
--

INSERT INTO `banner` (`bannerID`, `bannerName`, `bannerImage`, `bannerLink`) VALUES
(1, 'TOFAŞ  <span> BASKETBOL</span>', 'assets/images/banner/df-category-banner-1.png', ''),
(2, 'ALLSTAR  <span> 2019</span>', 'assets/images/banner/df-category-banner-2.png', ''),
(3, 'MOLTEN  <span> ÜRÜNLERİ</span>', 'assets/images/banner/df-category-banner-3.png', ''),
(4, 'SPALDING  <span> ÜRÜNLERİ</span>', 'assets/images/banner/df-category-banner-4.png', ''),
(5, 'GLORYFY  <span> ÜRÜNLERi</span>', 'assets/images/banner/df-category-banner-17.png', ''),
(6, 'DAFRON  <span> ÇANTALAR</span>', 'assets/images/banner/df-category-banner-18.png', ''),
(7, 'OUTLET  <span> ÜRÜNLERİ</span>', 'assets/images/banner/df-category-banner-19.png', ''),
(8, 'FIRSAT  <span> REYONU</span>', 'assets/images/banner/df-category-banner-20.png', '');

-- --------------------------------------------------------

--
-- Tablo için tablo yapısı `bireysel_fatura`
--

CREATE TABLE `bireysel_fatura` (
  `bireysel_faturaID` int(11) NOT NULL,
  `bireysel_faturaName` varchar(255) NOT NULL,
  `bireysel_faturaSurname` varchar(255) NOT NULL,
  `bireysel_faturaTC` int(11) NOT NULL,
  `bireysel_faturaPhone` int(30) NOT NULL,
  `bireysel_faturaEmail` varchar(255) NOT NULL,
  `bireysel_fatura_il` varchar(255) NOT NULL,
  `bireysel_fatura_ilce` varchar(255) NOT NULL,
  `bireysel_faturaAdres` mediumtext NOT NULL
) ENGINE=MyISAM DEFAULT CHARSET=utf8;

--
-- Tablo döküm verisi `bireysel_fatura`
--

INSERT INTO `bireysel_fatura` (`bireysel_faturaID`, `bireysel_faturaName`, `bireysel_faturaSurname`, `bireysel_faturaTC`, `bireysel_faturaPhone`, `bireysel_faturaEmail`, `bireysel_fatura_il`, `bireysel_fatura_ilce`, `bireysel_faturaAdres`) VALUES
(192, '', '', 0, 0, '', '17', 'Ayvac?k', ''),
(191, '', '', 0, 0, '', '17', '0', ''),
(190, '', '', 0, 0, '', '0', '0', ''),
(189, '', '', 0, 0, '', '0', '0', ''),
(188, '', '', 0, 0, '', '0', '0', ''),
(187, '', '', 0, 0, '', '0', '0', ''),
(186, '', '', 0, 0, '', '0', '0', ''),
(185, '', '', 0, 0, '', '0', '0', ''),
(184, '', '', 0, 0, '', '0', '0', ''),
(180, '', '', 0, 0, '', '16', 'Y?ld?r?m', ''),
(181, '', '', 0, 0, '', '0', '0', ''),
(182, '', '', 0, 0, '', '1', 'Ceyhan', ''),
(183, '', '', 0, 0, '', '1', 'Ceyhan', ''),
(179, '', '', 0, 0, '', '0', '0', ''),
(178, 'melih', 'yavuz', 0, 2147483647, 'melihyavuz06@gmail.com', '6', 'Sincan', 'asdasd'),
(177, '', '', 0, 0, '', '0', '0', ''),
(176, '', '', 0, 0, '', '0', '0', ''),
(175, '', '', 0, 0, '', '0', '0', ''),
(174, '', '', 0, 0, '', '0', '0', ''),
(173, '', '', 0, 0, '', '0', '0', ''),
(172, '', '', 0, 0, '', '0', '0', ''),
(171, '', '', 0, 0, '', '0', '0', ''),
(170, '', '', 0, 0, '', '0', '0', ''),
(169, '', '', 0, 0, '', '0', '0', ''),
(168, '', '', 0, 0, '', '0', '0', ''),
(167, '', '', 0, 0, '', '0', '0', ''),
(166, '', '', 0, 0, '', '0', '0', ''),
(165, '', '', 0, 0, '', '0', '0', ''),
(164, '', '', 0, 0, '', '0', '0', ''),
(163, '', '', 0, 0, '', '0', '0', ''),
(162, '', '', 0, 0, '', '0', '0', ''),
(161, '', '', 0, 0, '', '0', '0', ''),
(160, '', '', 0, 0, '', '0', '0', ''),
(159, '', '', 0, 0, '', '0', '0', ''),
(158, '', '', 0, 0, '', '0', '0', ''),
(157, '', '', 0, 0, '', '0', '0', ''),
(156, '', '', 0, 0, '', '0', '0', ''),
(155, 'melih', 'yavuz', 0, 2147483647, 'melihyavuz06@gmail.com', '6', 'Sincan', 'asdasdasda sda'),
(153, '', '', 0, 0, '', '0', '0', ''),
(154, 'ça?atay', 'yalç?n', 0, 2147483647, 'wktasarim@gmail.com', '12', 'Karl?ova', 'deneme adres'),
(152, 'gamze', 'nur', 0, 0, '', '0', '0', ''),
(151, 'gamze', 'nur', 0, 0, '', '0', '0', ''),
(150, '', '', 0, 0, '', '0', '0', ''),
(149, '', '', 0, 0, '', '0', '0', ''),
(148, '', '', 0, 0, '', '0', '0', ''),
(145, '', '', 0, 0, '', '0', '0', ''),
(146, '', '', 0, 0, '', '0', '0', ''),
(147, '', '', 0, 0, '', '0', '0', ''),
(142, '', '', 0, 0, '', '0', '0', ''),
(143, '', '', 0, 0, '', '0', '0', ''),
(144, '', '', 0, 0, '', '0', '0', ''),
(193, '', '', 0, 0, '', '0', '0', ''),
(194, '', '', 0, 0, '', '0', '0', ''),
(195, '', '', 0, 0, '', '0', '0', ''),
(196, '', '', 0, 0, '', '13', '0', ''),
(197, '', '', 0, 0, '', '16', '0', ''),
(198, '', '', 0, 0, '', '9', 'Söke', ''),
(199, '', '', 0, 0, '', '13', '0', ''),
(200, '', '', 0, 0, '', '12', '0', ''),
(201, '', '', 0, 0, '', '9', '0', ''),
(202, '', '', 0, 0, '', '8', 'Ardanuç', ''),
(203, '', '', 0, 0, '', '0', '0', ''),
(204, '', '', 0, 0, '', '0', '0', ''),
(205, '', '', 0, 0, '', '13', 'Ahlat', ''),
(206, '', '', 0, 0, '', '11', 'Bozüyük', ''),
(207, '', '', 0, 0, '', '1', 'Ceyhan', ''),
(208, '', '', 0, 0, '', '3', 'Bayat', ''),
(209, '', '', 0, 0, '', '0', '0', ''),
(210, '', '', 0, 0, '', '0', '0', ''),
(211, '', '', 0, 0, '', '0', '0', ''),
(212, '', '', 0, 0, '', '0', '0', ''),
(213, '', '', 0, 0, '', '0', '0', ''),
(214, '', '', 0, 0, '', '14', 'Merkez', ''),
(215, '', '', 0, 0, '', '1', 'Ceyhan', ''),
(216, '', '', 0, 0, '', '0', '0', ''),
(217, '', '', 0, 0, '', '0', '0', ''),
(218, '', '', 0, 0, '', '0', '0', ''),
(219, '', '', 0, 0, '', '19', 'U?urluda?', ''),
(220, '', '', 0, 0, '', '0', '0', ''),
(221, '', '', 0, 0, '', '2', '0', ''),
(222, '', '', 0, 0, '', '15', '0', ''),
(223, '', '', 0, 0, '', '12', 'Merkez', ''),
(224, '', '', 0, 0, '', '0', '0', ''),
(225, '', '', 0, 0, '', '0', '0', ''),
(226, '', '', 0, 0, '', '14', 'Gerede', ''),
(227, '', '', 0, 0, '', '14', 'Gerede', ''),
(228, '', '', 0, 0, '', '10', 'Havran', ''),
(229, '', '', 0, 0, '', '7', 'Serik', ''),
(230, '', '', 0, 0, '', '0', '0', ''),
(231, '', '', 0, 0, '', '0', '0', ''),
(232, '', '', 0, 0, '', '0', '0', ''),
(233, '', '', 0, 0, '', '0', '0', ''),
(234, '', '', 0, 0, '', '5', 'Hamamözü', ''),
(235, '', '', 0, 0, '', '3', 'Çobanlar', ''),
(236, '', '', 0, 0, '', '1', 'Çukurova', ''),
(237, '', '', 0, 0, '', '2', 'Gerger', ''),
(238, '', '', 0, 0, '', '0', '0', ''),
(239, '', '', 0, 0, '', '16', '0', ''),
(240, '', '', 0, 0, '', '0', '0', ''),
(241, '', '', 0, 0, '', '15', '0', ''),
(242, '', '', 0, 0, '', '13', '0', ''),
(243, '', '', 0, 0, '', '0', '0', ''),
(244, '', '', 0, 0, '', '0', '0', ''),
(245, '', '', 0, 0, '', '0', '0', ''),
(246, '', '', 0, 0, '', '14', '0', ''),
(247, '', '', 0, 0, '', '0', '0', ''),
(248, '', '', 0, 0, '', '0', '0', ''),
(249, '', '', 0, 0, '', '0', '0', ''),
(250, '', '', 0, 0, '', '0', '0', ''),
(251, '', '', 0, 0, '', '0', '0', ''),
(252, '', '', 0, 0, '', '14', '0', ''),
(253, '', '', 0, 0, '', '0', '0', ''),
(254, '', '', 0, 0, '', '0', '0', ''),
(255, '', '', 0, 0, '', '0', '0', ''),
(256, '', '', 0, 0, '', '0', '0', ''),
(257, '', '', 0, 0, '', '0', '0', ''),
(258, '', '', 0, 0, '', '0', '0', ''),
(259, '', '', 0, 0, '', '0', '0', ''),
(260, '', '', 0, 0, '', '0', '0', ''),
(261, '', '', 0, 0, '', '0', '0', ''),
(262, '', '', 0, 0, '', '15', '0', ''),
(263, '', '', 0, 0, '', '0', '0', ''),
(264, '', '', 0, 0, '', '0', '0', ''),
(265, '', '', 0, 0, '', '0', '0', ''),
(266, '', '', 0, 0, '', '0', '0', ''),
(267, '', '', 0, 0, '', '0', '0', ''),
(268, '', '', 0, 0, '', '0', '0', ''),
(269, '', '', 0, 0, '', '0', '0', ''),
(270, '', '', 0, 0, '', '0', '0', ''),
(271, '', '', 0, 0, '', '0', '0', ''),
(272, '', '', 0, 0, '', '0', '0', ''),
(273, '', '', 0, 0, '', '0', '0', ''),
(274, '', '', 0, 0, '', '0', '0', ''),
(275, '', '', 0, 0, '', '0', '0', ''),
(276, '', '', 0, 0, '', '0', '0', ''),
(277, '123', '', 0, 0, '', '0', '0', ''),
(278, '123', '', 0, 0, '', '0', '0', ''),
(279, '123', '', 0, 0, '', '0', '0', ''),
(280, '', '', 0, 0, '', '0', '0', ''),
(281, '', '', 0, 0, '', '0', '0', ''),
(282, '', '', 0, 0, '', '0', '0', ''),
(283, '', '', 0, 0, '', '0', '0', ''),
(284, '', '', 0, 0, '', '0', '0', ''),
(285, '', '', 0, 0, '', '0', '0', ''),
(286, '', '', 0, 0, '', '0', '0', ''),
(287, '', '', 0, 0, '', '0', '0', ''),
(288, '', '', 0, 0, '', '0', '0', ''),
(289, '', '', 0, 0, '', '0', '0', ''),
(290, '', '', 0, 0, '', '0', '0', ''),
(291, '', '', 0, 0, '', '0', '0', ''),
(292, '', '', 0, 0, '', '0', '0', ''),
(293, '', '', 0, 0, '', '0', '0', ''),
(294, '', '', 0, 0, '', '0', '0', ''),
(295, '', '', 0, 0, '', '0', '0', ''),
(296, '', '', 0, 0, '', '0', '0', ''),
(297, '', '', 0, 0, '', '0', '0', ''),
(298, '', '', 0, 0, '', '0', '0', ''),
(299, '', '', 0, 0, '', '0', '0', ''),
(300, '', '', 0, 0, '', '0', '0', ''),
(301, '', '', 0, 0, '', '0', '0', ''),
(302, '', '', 0, 0, '', '0', '0', ''),
(303, '', '', 0, 0, '', '0', '0', ''),
(304, '', '', 0, 0, '', '0', '0', ''),
(305, '', '', 0, 0, '', '0', '0', ''),
(306, '', '', 0, 0, '', '0', '0', ''),
(307, '', '', 0, 0, '', '0', '0', ''),
(308, '', '', 0, 0, '', '0', '0', ''),
(309, '', '', 0, 0, '', '0', '0', ''),
(310, '', '', 0, 0, '', '0', '0', ''),
(311, '', '', 0, 0, '', '0', '0', ''),
(312, '', '', 0, 0, '', '', '', ''),
(313, '', '', 0, 0, '', '', '', ''),
(314, '', '', 0, 0, '', '0', '0', ''),
(315, '', '', 0, 0, '', '0', '0', ''),
(316, '', '', 0, 0, '', '0', '0', ''),
(317, '', '', 0, 0, '', '0', '0', ''),
(318, '', '', 0, 0, '', '0', '0', ''),
(319, '', '', 0, 0, '', '0', '0', ''),
(320, '', '', 0, 0, '', '0', '0', ''),
(321, '', '', 0, 0, '', '0', '0', ''),
(322, '', '', 0, 0, '', '0', '0', ''),
(323, '', '', 0, 0, '', '0', '0', ''),
(324, '', '', 0, 0, '', '0', '0', ''),
(325, '', '', 0, 0, '', '0', '0', ''),
(326, '', '', 0, 0, '', '0', '0', ''),
(327, '', '', 0, 0, '', '0', '0', ''),
(328, '', '', 0, 0, '', '0', '0', ''),
(329, '', '', 0, 0, '', '0', '0', ''),
(330, '', '', 0, 0, '', '0', '0', ''),
(331, '', '', 0, 0, '', '0', '0', ''),
(332, '', '', 0, 0, '', '0', '0', ''),
(333, '', '', 0, 0, '', '0', '0', ''),
(334, '', '', 0, 0, '', '0', '0', ''),
(335, '', '', 0, 0, '', '0', '0', ''),
(336, '', '', 0, 0, '', '0', '0', ''),
(337, '', '', 0, 0, '', '0', '0', ''),
(338, '', '', 0, 0, '', '0', '0', ''),
(339, '', '', 0, 0, '', '0', '0', ''),
(340, '', '', 0, 0, '', '0', '0', ''),
(341, '', '', 0, 0, '', '0', '0', ''),
(342, '', '', 0, 0, '', '0', '0', ''),
(343, '', '', 0, 0, '', '0', '0', ''),
(344, '', '', 0, 0, '', '0', '0', ''),
(345, '', '', 0, 0, '', '0', '0', ''),
(346, '', '', 0, 0, '', '0', '0', ''),
(347, '', '', 0, 0, '', '0', '0', ''),
(348, '', '', 0, 0, '', '0', '0', ''),
(349, '', '', 0, 0, '', '0', '0', ''),
(350, '', '', 0, 0, '', '0', '0', ''),
(351, '', '', 0, 0, '', '0', '0', ''),
(352, '', '', 0, 0, '', '0', '0', ''),
(353, '', '', 0, 0, '', '0', '0', ''),
(354, '', '', 0, 0, '', '0', '0', ''),
(355, '', '', 0, 0, '', '0', '0', ''),
(356, '', '', 0, 0, '', '0', '0', ''),
(357, '', '', 0, 0, '', '0', '0', ''),
(358, '', '', 0, 0, '', '0', '0', ''),
(359, '', '', 0, 0, '', '0', '0', ''),
(360, '', '', 0, 0, '', '0', '0', ''),
(361, '', '', 0, 0, '', '0', '0', ''),
(362, '', '', 0, 0, '', '0', '0', ''),
(363, '', '', 0, 0, '', '', '', ''),
(364, '', '', 0, 0, '', '', '', ''),
(365, 'asdasda', 'asdasdas', 0, 0, '', '0', '0', ''),
(366, '', '', 0, 0, '', '0', '0', ''),
(367, '', '', 0, 0, '', '0', '0', ''),
(368, '', '', 0, 0, '', '0', '0', ''),
(369, '', '', 0, 0, '', '0', '0', ''),
(370, '', '', 0, 0, '', '0', '0', ''),
(371, '', '', 0, 0, '', '0', '0', ''),
(372, '', '', 0, 0, '', '0', '0', ''),
(373, '', '', 0, 0, '', '0', '0', ''),
(374, '', '', 0, 0, '', '0', '0', ''),
(375, '', '', 0, 0, '', '0', '0', ''),
(376, '', '', 0, 0, '', '0', '0', ''),
(377, '', '', 0, 0, '', '0', '0', ''),
(378, '', '', 0, 0, '', '0', '0', ''),
(379, '', '', 0, 0, '', '0', '0', ''),
(380, '', '', 0, 0, '', '0', '0', ''),
(381, '', '', 0, 0, '', '0', '0', ''),
(382, '', '', 0, 0, '', '0', '0', ''),
(383, '', '', 0, 0, '', '0', '0', ''),
(384, '', '', 0, 0, '', '0', '0', ''),
(385, '', '', 0, 0, '', '0', '0', ''),
(386, '', '', 0, 0, '', '0', '0', ''),
(387, '', '', 0, 0, '', '0', '0', ''),
(388, '', '', 0, 0, '', '0', '0', ''),
(389, '', '', 0, 0, '', '0', '0', ''),
(390, '', '', 0, 0, '', '0', '0', ''),
(391, '', '', 0, 0, '', '0', '0', ''),
(392, 'qweqwe', '', 0, 0, '', '0', '0', ''),
(393, '', '', 0, 0, '', '0', '0', ''),
(394, '', '', 0, 0, '', '0', '0', ''),
(395, '', '', 0, 0, '', '0', '0', ''),
(396, '', '', 0, 0, '', '0', '0', ''),
(397, '', '', 0, 0, '', '0', '0', ''),
(398, '', '', 0, 0, '', '0', '0', ''),
(399, '', '', 0, 0, '', '0', '0', ''),
(400, '', '', 0, 0, '', '0', '0', ''),
(401, '', '', 0, 0, '', '0', '0', ''),
(402, '', 'asd', 0, 0, '', '0', '0', ''),
(403, 'asd', 'asd', 0, 0, '', '0', '0', ''),
(404, '', '', 0, 0, '', '0', '0', ''),
(405, '', 'asd', 0, 0, '', '0', '0', ''),
(406, '', '', 0, 0, '', '0', '0', ''),
(407, '', '', 0, 0, '', '0', '0', ''),
(408, 'asd', '', 0, 0, '', '0', '0', ''),
(409, 'asd', '', 0, 0, '', '0', '0', ''),
(410, 'asd', '', 0, 0, '', '0', '0', ''),
(411, 'asd', '', 0, 0, '', '0', '0', ''),
(412, '', '', 0, 0, '', '0', '0', ''),
(413, '', 'asd', 0, 0, '', '0', '0', ''),
(414, 'asd', 'asd', 0, 0, '', '0', '0', ''),
(415, '', '', 0, 0, '', '0', '0', ''),
(416, '', '', 0, 0, '', '0', '0', ''),
(417, 'qwe', '', 0, 0, '', '0', '0', ''),
(418, 'qwe', '', 0, 0, '', '0', '0', ''),
(419, 'qwe', 'qwe', 0, 0, '', '0', '0', ''),
(420, '', '', 0, 0, '', '0', '0', ''),
(421, '', '', 0, 0, '', '0', '0', ''),
(422, '', '', 0, 0, '', '0', '0', ''),
(423, '', '', 0, 0, '', '0', '0', ''),
(424, '', '', 0, 0, '', '0', '0', ''),
(425, '', '', 0, 0, '', '0', '0', ''),
(426, 'qwe', '', 0, 0, '', '0', '0', ''),
(427, 'qwe', '', 0, 0, '', '0', '0', ''),
(428, 'qwe', 'qwe', 0, 0, '', '0', '0', ''),
(429, '', '', 0, 0, '', '0', '0', ''),
(430, '', '', 0, 0, '', '0', '0', ''),
(431, '', '', 0, 0, '', '0', '0', ''),
(432, '', '', 0, 0, '', '0', '0', ''),
(433, '', '', 0, 0, '', '0', '0', ''),
(434, '', '', 0, 0, '', '0', '0', ''),
(435, '', '', 0, 0, '', '0', '0', ''),
(436, '', '', 0, 0, '', '0', '0', ''),
(437, '', '', 0, 0, '', '0', '0', ''),
(438, '', '', 0, 0, '', '0', '0', ''),
(439, '', '', 0, 0, '', '0', '0', ''),
(440, '', '', 0, 0, '', '0', '0', ''),
(441, '', '', 0, 0, '', '0', '0', ''),
(442, '', '', 0, 0, '', '0', '0', ''),
(443, '', '', 0, 0, '', '0', '0', ''),
(444, '', '', 0, 0, '', '0', '0', ''),
(445, '', '', 0, 0, '', '0', '0', ''),
(446, '', '', 0, 0, '', '0', '0', ''),
(447, '', '', 0, 0, '', '0', '0', ''),
(448, '', 'qwe', 0, 0, '', '0', '0', ''),
(449, '', 'qwe', 0, 0, '', '0', '0', ''),
(450, '', '', 0, 0, '', '0', '0', ''),
(451, '', '', 0, 0, '', '0', '0', ''),
(452, 'asd', '', 0, 0, '', '0', '0', ''),
(453, '', '', 0, 0, '', '0', '0', ''),
(454, '', '', 0, 0, '', '0', '0', ''),
(455, 'qwe', '', 0, 0, '', '0', '0', ''),
(456, '', '', 0, 0, '', '0', '0', ''),
(457, '', '', 0, 0, '', '0', '0', ''),
(458, 'qwe', '', 0, 0, '', '0', '0', ''),
(459, 'qwe', '', 0, 0, '', '0', '0', ''),
(460, '', '', 0, 0, '', '0', '0', ''),
(461, '', '', 0, 0, '', '0', '0', ''),
(462, '', 'qwe', 0, 0, '', '0', '0', ''),
(463, '', '', 0, 0, '', '0', '0', ''),
(464, '', '', 0, 0, '', '0', '0', ''),
(465, 'qwe', '', 0, 0, '', '0', '0', ''),
(466, '', '', 0, 0, '', '0', '0', ''),
(467, '', '', 0, 0, '', '0', '0', ''),
(468, 'qwe', '', 0, 0, '', '0', '0', ''),
(469, '', '', 0, 0, '', '0', '0', ''),
(470, '', '', 0, 0, '', '0', '0', ''),
(471, 'qwe', '', 0, 0, '', '0', '0', ''),
(472, '', '', 0, 0, '', '0', '0', ''),
(473, '', '', 0, 0, '', '0', '0', ''),
(474, '', '', 0, 0, '', '0', '0', ''),
(475, '', '', 0, 0, '', '0', '0', ''),
(476, '', '', 0, 0, '', '0', '0', ''),
(477, '', '', 0, 0, '', '0', '0', ''),
(478, '', '', 0, 0, '', '0', '0', ''),
(479, '', '', 0, 0, '', '0', '0', ''),
(480, '', '', 0, 0, '', '0', '0', ''),
(481, '', 'qwe', 0, 0, '', '0', '0', ''),
(482, '', '', 0, 0, '', '0', '0', ''),
(483, '', '', 0, 0, '', '0', '0', ''),
(484, '', '', 0, 0, '', '0', '0', ''),
(485, '', '', 0, 0, '', '0', '0', ''),
(486, '', '', 0, 0, '', '0', '0', ''),
(487, '', '', 0, 0, '', '0', '0', ''),
(488, '', '', 0, 0, '', '0', '0', ''),
(489, '', '', 0, 0, '', '0', '0', ''),
(490, '', '', 0, 0, '', '0', '0', ''),
(491, '', '', 0, 0, '', '0', '0', ''),
(492, '', 'qwe', 0, 0, '', '0', '0', ''),
(493, '', '', 0, 0, '', '0', '0', ''),
(494, '', '', 0, 0, '', '0', '0', ''),
(495, '', '', 0, 0, '', '0', '0', ''),
(496, '', '', 0, 0, '', '0', '0', ''),
(497, '', '', 0, 0, '', '0', '0', ''),
(498, '', '', 0, 0, '', '0', '0', ''),
(499, '123', '', 0, 0, '', '0', '0', ''),
(500, '', '', 0, 0, '', '0', '0', ''),
(501, '', '', 0, 0, '', '0', '0', ''),
(502, 'qwe', '', 0, 0, '', '0', '0', ''),
(503, 'qwe', '', 0, 0, '', '0', '0', ''),
(504, 'qwe', '', 0, 0, '', '0', '0', ''),
(505, '', '', 0, 0, '', '0', '0', ''),
(506, '', '', 0, 0, '', '0', '0', ''),
(507, '', '', 0, 0, '', '0', '0', ''),
(508, 'qwe', '', 0, 0, '', '0', '0', ''),
(509, 'qwe', '', 0, 0, '', '0', '0', ''),
(510, 'qwe', 'qwe', 0, 0, '', '0', '0', ''),
(511, '', '', 0, 0, '', '0', '0', ''),
(512, '', '', 0, 0, '', '0', '0', ''),
(513, 'w', '', 0, 0, '', '0', '0', ''),
(514, '', '', 0, 0, '', '0', '0', ''),
(515, '', '', 0, 0, '', '0', '0', ''),
(516, 'qwe', '', 0, 0, '', '0', '0', ''),
(517, '', '', 0, 0, '', '0', '0', ''),
(518, 'qwe', '', 0, 0, '', '0', '0', ''),
(519, 'qwe', '', 0, 0, '', '0', '0', ''),
(520, '', '', 0, 0, '', '0', '0', ''),
(521, 'qwe', '', 0, 0, '', '0', '0', ''),
(522, 'qwe', 'weqwe', 0, 0, '', '0', '0', ''),
(523, '', '', 0, 0, '', '0', '0', ''),
(524, 'qwe', '', 0, 0, '', '0', '0', ''),
(525, 'qwe', '', 0, 0, '', '0', '0', ''),
(526, 'qwe', 'qwe', 0, 0, '', '0', '0', ''),
(527, '', '', 0, 0, '', '0', '0', ''),
(528, 'qwe', '', 0, 0, '', '0', '0', ''),
(529, 'qwe', '', 0, 0, '', '0', '0', ''),
(530, 'qwe', 'qwe', 0, 0, '', '0', '0', ''),
(531, '', '', 0, 0, '', '0', '0', ''),
(532, 'qwe', '', 0, 0, '', '0', '0', ''),
(533, 'qwe', '', 0, 0, '', '0', '0', ''),
(534, 'qwe', 'qwe', 0, 0, '', '0', '0', ''),
(535, '', '', 0, 0, '', '0', '0', ''),
(536, 'qwe', '', 0, 0, '', '0', '0', ''),
(537, 'qwe', '', 0, 0, '', '0', '0', ''),
(538, 'qwe', 'weq', 0, 0, '', '0', '0', ''),
(539, '', '', 0, 0, '', '0', '0', ''),
(540, '', '', 0, 0, '', '0', '0', ''),
(541, 'qwe', '', 0, 0, '', '0', '0', ''),
(542, 'qwe', '', 0, 0, '', '0', '0', ''),
(543, 'qwe', '', 0, 0, '', '0', '0', ''),
(544, 'qwe', 'qwe', 0, 0, '', '0', '0', ''),
(545, '', '', 0, 0, '', '0', '0', ''),
(546, 'qwe', '', 0, 0, '', '0', '0', ''),
(547, 'qwe', '', 0, 0, '', '0', '0', ''),
(548, 'qwe', 'qwe', 0, 0, '', '0', '0', ''),
(549, '', '', 0, 0, '', '0', '0', ''),
(550, 'qwe', '', 0, 0, '', '0', '0', ''),
(551, 'qwe', '', 0, 0, '', '0', '0', ''),
(552, 'gamze', 'nur', 0, 34567890, 'gamze.0793@gmail.com', '5', 'Hamamözü', 'asdfhadffasdfasd');

-- --------------------------------------------------------

--
-- Tablo için tablo yapısı `brands`
--

CREATE TABLE `brands` (
  `brandsID` int(11) NOT NULL,
  `brandsName` varchar(255) NOT NULL,
  `brandsPhoto` varchar(255) NOT NULL,
  `brandsDescription` text NOT NULL,
  `isActive` tinyint(1) NOT NULL DEFAULT '1',
  `isDeleted` tinyint(1) NOT NULL DEFAULT '0'
) ENGINE=InnoDB DEFAULT CHARSET=utf8;

--
-- Tablo döküm verisi `brands`
--

INSERT INTO `brands` (`brandsID`, `brandsName`, `brandsPhoto`, `brandsDescription`, `isActive`, `isDeleted`) VALUES
(1, 'Nıke', 'uploads/markalar/nıke.png', '2019 koleksiyon', 1, 0);

-- --------------------------------------------------------

--
-- Tablo için tablo yapısı `categories`
--

CREATE TABLE `categories` (
  `categoriesID` int(11) NOT NULL,
  `categoriesName` varchar(255) NOT NULL,
  `categoriesRow` int(11) NOT NULL,
  `highCategoriesID` int(11) DEFAULT '0',
  `categoriesDescription` varchar(255) NOT NULL,
  `isActive` tinyint(1) NOT NULL DEFAULT '1',
  `isDeleted` tinyint(1) NOT NULL DEFAULT '0'
) ENGINE=InnoDB DEFAULT CHARSET=utf8;

--
-- Tablo döküm verisi `categories`
--

INSERT INTO `categories` (`categoriesID`, `categoriesName`, `categoriesRow`, `highCategoriesID`, `categoriesDescription`, `isActive`, `isDeleted`) VALUES
(1, 'KADIN', 2, 0, '', 1, 0),
(2, 'SÜPER FIRSATLAR', 1, 0, '', 1, 0),
(3, 'ERKEK', 3, 0, '', 1, 0),
(4, 'ÇOCUK', 4, 0, '', 1, 0),
(5, 'SPOR BRANŞLARI', 5, 0, 'asdf', 1, 1),
(6, 'AYAKKABI', 4, 1, '', 1, 0),
(7, 'GİYİM', 5, 1, '', 1, 0),
(8, 'AKSESUAR', 3, 1, '', 1, 0),
(9, 'ÇANTA', 4, 1, '', 1, 0),
(10, 'EKİPMAN', 5, 1, '', 1, 0),
(11, 'FİTNESS', 6, 1, '', 1, 0),
(12, 'AYAKKABI', 4, 3, '', 1, 0),
(13, 'GİYİM', 5, 3, '', 1, 0),
(14, 'AKSESUAR', 3, 3, '', 1, 0),
(15, 'ÇANTA', 4, 3, '', 1, 0),
(16, 'EKİPMAN', 5, 3, '', 1, 0),
(17, 'FİTNESS', 6, 3, '', 1, 0),
(18, 'AYAKKABI', 4, 4, '', 1, 0),
(19, 'GİYİM', 5, 4, '', 1, 0),
(20, 'AKSESUAR', 3, 4, '', 1, 0),
(21, 'EKİPMAN', 5, 4, '', 1, 0),
(22, 'ÇANTA', 4, 4, '', 1, 0),
(23, 'FİTNESS', 6, 4, '', 1, 0),
(24, 'Günlük', 4, 6, '', 1, 0),
(25, 'Koşu', 5, 6, '', 1, 0),
(26, 'Bot & Çizme', 3, 6, '', 1, 0),
(27, 'Outdoor', 4, 6, '', 1, 0),
(28, 'Skate & Kay Kay', 5, 6, '', 1, 0),
(29, 'Tenis', 6, 6, '', 1, 0),
(30, 'Sandalet', 7, 6, '', 1, 0),
(31, 'Terlik', 8, 6, '', 1, 0),
(32, 'Yürüyüş', 9, 6, '', 1, 0),
(33, 'Indoor', 10, 6, '', 1, 0),
(34, 'Polar', 1, 7, '', 1, 0),
(35, 'Tişört', 2, 7, '', 1, 0),
(36, 'Polo Tişört', 3, 7, '', 1, 0),
(37, 'Sweatshirt', 4, 7, '', 1, 0),
(38, 'Ceket', 5, 7, '', 1, 0),
(39, 'Mont & Kaban', 6, 7, '', 1, 0),
(40, 'Eşorfman Altı', 7, 7, '', 1, 0),
(50, 'Omuz Çantası', 1, 9, '', 1, 0),
(51, 'Sırt Çantası', 2, 9, '', 1, 0),
(52, 'Spor Çanta', 3, 9, '', 1, 0),
(53, 'Torba Çanta', 4, 9, '', 1, 0),
(54, 'Cüzdan', 5, 9, '', 1, 0),
(55, 'Valiz & Bavul', 6, 9, '', 1, 0),
(56, 'Ayakkabı Bakım Ürünleri', 1, 10, '', 1, 0),
(57, 'Boks Malzemeleri', 2, 10, '', 1, 0),
(58, 'Masa Tenisi Malzemeleri', 3, 10, '', 1, 0),
(59, 'Voleybol Malzemeleri', 4, 10, '', 1, 0),
(60, 'Yüzme Malzemeleri', 5, 10, '', 1, 0),
(61, 'Tabanlık', 6, 10, '', 1, 0),
(62, 'Scooter', 7, 10, '', 1, 0),
(63, 'Badminton Malzemeleri', 8, 10, '', 1, 0),
(64, 'Kayak & Paten', 9, 10, '', 1, 0),
(65, 'Diğer Ekipmanları', 10, 10, '', 1, 0),
(66, 'Plates', 1, 11, '', 1, 0),
(67, 'Aerobik', 2, 11, '', 1, 0),
(68, 'Step', 3, 11, '', 1, 0),
(69, 'Yoga', 4, 11, '', 1, 0),
(70, 'Barlar', 5, 11, '', 1, 0),
(71, 'Ağırlık Setleri', 6, 11, '', 1, 0),
(72, 'Flanşlar', 8, 6, '', 1, 0),
(73, 'Ağırlık Eldiven & Kemerleri', 9, 11, '', 1, 0),
(74, 'Egzersiz Aletleri', 10, 11, '', 1, 0),
(81, 'Sandalet', 7, 6, '', 1, 0),
(84, 'Yürüyüş', 9, 6, '', 1, 0),
(87, 'Polar', 1, 13, '', 1, 0),
(88, 'Tişört', 2, 13, '', 1, 0),
(89, 'Polo Tişört', 3, 13, '', 1, 0),
(90, 'Sweatshirt', 4, 13, '', 1, 0),
(91, 'Eşorfman Takımı', 8, 7, '', 1, 0),
(92, 'Mayo', 9, 7, '', 1, 0),
(93, 'Şort', 10, 7, '', 1, 0),
(94, 'Tayt', 11, 7, '', 1, 0),
(95, 'Kar Montu', 12, 13, '', 1, 0),
(96, 'Ceket', 5, 13, '', 1, 0),
(97, 'Mont & Kaban', 6, 13, '', 1, 0),
(98, 'Eşorfman Altı', 7, 13, '', 1, 0),
(99, 'Mayo', 9, 13, '', 1, 0),
(100, 'Şort', 10, 13, '', 1, 0),
(101, 'Tayt', 11, 13, '', 1, 0),
(102, 'çantalar', 1, 14, '', 1, 0),
(103, 'şapkalar', 2, 14, '', 1, 0),
(104, 'çoraplar', 3, 14, '', 1, 0),
(105, 'uzun kollular', 4, 14, '', 1, 0),
(106, 'eldivenler', 5, 14, '', 1, 0),
(107, 'Günlük', 1, 19, '', 1, 0),
(108, 'Polar', 1, 19, '', 1, 0),
(109, 'Tişört', 2, 19, '', 1, 0),
(110, 'Polo Tişört', 3, 19, '', 1, 0),
(111, 'Sweatshirt', 4, 19, '', 1, 0),
(112, 'Kar Montu', 12, 19, '', 1, 0),
(113, 'Ceket', 5, 19, '', 1, 0),
(114, 'Mont & Kaban', 6, 19, '', 1, 0),
(115, 'Eşorfman Altı', 7, 19, '', 1, 0),
(116, 'Mayo', 9, 19, '', 1, 0),
(117, 'Şort', 10, 19, '', 1, 0),
(118, 'Tayt', 11, 19, '', 1, 0),
(119, 'Günlük', 1, 18, '', 1, 0),
(120, 'Koşu', 2, 18, '', 1, 0),
(121, 'Bot & Çizme', 3, 18, '', 1, 0),
(122, 'Outdoor', 4, 18, '', 1, 0),
(123, 'Skate & Kay Kay', 5, 18, '', 1, 0),
(124, 'Tenis', 6, 18, '', 1, 0),
(125, 'Sandalet', 7, 18, '', 1, 0),
(126, 'Terlik', 8, 18, '', 1, 0),
(127, 'Yürüyüş', 9, 18, '', 1, 0),
(128, 'Indoor', 10, 18, '', 1, 0),
(142, 'Günlük', 1, 12, '', 1, 0),
(143, 'Koşu', 2, 12, '', 1, 0),
(144, 'Bot & Çizme', 3, 12, '', 1, 0),
(145, 'Outdoor', 4, 12, '', 1, 0),
(146, 'Skate & Kay Kay', 5, 12, '', 1, 0),
(147, 'Tenis', 6, 12, '', 1, 0),
(148, 'Sandalet', 7, 12, '', 1, 0),
(149, 'Terlik', 8, 12, '', 1, 0),
(150, 'Yürüyüş', 9, 12, '', 1, 0),
(151, 'Indoor', 10, 12, '', 1, 0),
(152, 'üstler', 1, 1, '', 1, 0),
(153, 'altlar', 2, 1, '', 1, 0),
(154, 'spor bransşları', 1, 152, '', 1, 0),
(155, 'kolsuzlar', 2, 152, '', 1, 0),
(156, 'kısa kollular', 3, 152, '', 1, 0),
(157, 'uzun kollular', 4, 152, '', 1, 0),
(158, 'hoddie-sweetshirt', 5, 152, '', 1, 0),
(159, 'mont-yelek', 6, 152, '', 1, 0),
(160, 'eşofman üstleri', 7, 152, '', 1, 0),
(161, 'eşofman takımı', 8, 152, '', 1, 0),
(162, 'uzun taytlar\r\n', 1, 153, '', 1, 0),
(163, 'kısa taytlar\r\n', 2, 153, '', 1, 0),
(164, 'eşofman altları', 3, 153, '', 1, 0),
(165, 'şortlar\r\n', 4, 153, '', 1, 0),
(166, 'iç çamaşırları', 5, 153, '', 1, 0),
(167, 'eşofman üstleri', 6, 153, '', 1, 0),
(168, 'eşofman takımı\r\n', 7, 153, '', 1, 0),
(169, 'kemerler', 6, 14, '', 1, 0),
(170, 'gözlükler', 7, 14, '', 1, 0),
(171, 'ekipmanlar', 8, 14, '', 1, 0),
(172, 'çantalar', 1, 20, '', 1, 0),
(173, 'şapkalar', 2, 20, '', 1, 0),
(174, 'çoraplar', 3, 20, '', 1, 0),
(175, 'uzun kollular', 4, 20, '', 1, 0),
(176, 'eldivenler', 5, 20, '', 1, 0),
(177, 'gözlükler', 7, 20, '', 1, 0),
(178, 'ekipmanlar', 8, 20, '', 1, 0),
(179, 'çantalar', 1, 8, '', 1, 0),
(180, 'şapkalar', 2, 8, '', 1, 0),
(181, 'çoraplar', 3, 8, '', 1, 0),
(182, 'uzun kollular', 4, 8, '', 1, 0),
(183, 'eldivenler', 5, 8, '', 1, 0),
(184, 'gözlükler', 7, 8, '', 1, 0),
(185, 'ekipmanlar', 8, 8, '', 1, 0),
(186, 'kemerler', 6, 20, '', 1, 0),
(187, 'kemerler', 6, 8, '', 1, 0),
(188, 'üstler', 1, 3, '', 1, 0),
(189, 'altlar', 2, 3, '', 1, 0),
(190, 'spor bransşları', 1, 188, '', 1, 0),
(191, 'kolsuzlar', 2, 188, '', 1, 0),
(192, 'kısa kollular', 3, 188, '', 1, 0),
(193, 'uzun kollular', 4, 188, '', 1, 0),
(194, 'hoddie-sweetshirt', 5, 188, '', 1, 0),
(195, 'mont-yelek', 6, 188, '', 1, 0),
(196, 'eşofman üstleri', 7, 188, '', 1, 0),
(197, 'eşofman takımı', 8, 188, '', 1, 0),
(198, 'uzun taytlar\r\n', 1, 189, '', 1, 0),
(199, 'kısa taytlar\r\n', 2, 189, '', 1, 0),
(200, 'eşofman altları', 3, 189, '', 1, 0),
(201, 'şortlar\r\n', 4, 189, '', 1, 0),
(202, 'iç çamaşırları', 5, 189, '', 1, 0),
(203, 'eşofman üstleri', 6, 189, '', 1, 0),
(204, 'eşofman takımı\r\n', 7, 189, '', 1, 0),
(205, 'üstler', 1, 4, '', 1, 0),
(206, 'altlar', 2, 4, '', 1, 0),
(207, 'spor bransşları', 1, 205, '', 1, 0),
(208, 'kolsuzlar', 2, 205, '', 1, 0),
(209, 'kısa kollular', 3, 205, '', 1, 0),
(210, 'uzun kollular', 4, 205, '', 1, 0),
(211, 'hoddie-sweetshirt', 5, 205, '', 1, 0),
(212, 'mont-yelek', 6, 205, '', 1, 0),
(213, 'eşofman üstleri', 7, 205, '', 1, 0),
(214, 'eşofman takımı', 8, 205, '', 1, 0),
(215, 'uzun taytlar\r\n', 1, 206, '', 1, 0),
(216, 'kısa taytlar\r\n', 2, 206, '', 1, 0),
(217, 'eşofman altları', 3, 206, '', 1, 0),
(218, 'şortlar\r\n', 4, 206, '', 1, 0),
(219, 'iç çamaşırları', 5, 206, '', 1, 0),
(220, 'eşofman üstleri', 6, 206, '', 1, 0),
(221, 'eşofman takımı\r\n', 7, 206, '', 1, 0);

-- --------------------------------------------------------

--
-- Tablo için tablo yapısı `color`
--

CREATE TABLE `color` (
  `id` int(11) NOT NULL,
  `renk_id` mediumtext NOT NULL,
  `renk_img` varchar(100) NOT NULL,
  `product_id` int(11) NOT NULL
) ENGINE=MyISAM DEFAULT CHARSET=utf8;

--
-- Tablo döküm verisi `color`
--

INSERT INTO `color` (`id`, `renk_id`, `renk_img`, `product_id`) VALUES
(1, 'yellow', 'assets/images/product/2.PNG', 1),
(2, 'blue', 'assets/images/product/1.PNG', 2),
(3, 'black', 'assets/images/odeme.png', 3);

-- --------------------------------------------------------

--
-- Tablo için tablo yapısı `completedorder`
--

CREATE TABLE `completedorder` (
  `islemID` int(11) NOT NULL,
  `faturaid` text NOT NULL,
  `kargoid` text NOT NULL,
  `adresid` text NOT NULL,
  `urunid` text NOT NULL,
  `urunname` text NOT NULL,
  `urunprice` int(11) NOT NULL,
  `urunpiece` int(11) NOT NULL,
  `userid` text NOT NULL,
  `tarihDate` mediumtext NOT NULL,
  `saatTime` mediumtext NOT NULL,
  `userIP` mediumtext NOT NULL,
  `siparisdurum` text NOT NULL COMMENT '1 sipariş verildi, 2 kargoya verildi, 3 teslim edildi, 4 iade'
) ENGINE=MyISAM DEFAULT CHARSET=utf8;

--
-- Tablo döküm verisi `completedorder`
--

INSERT INTO `completedorder` (`islemID`, `faturaid`, `kargoid`, `adresid`, `urunid`, `urunname`, `urunprice`, `urunpiece`, `userid`, `tarihDate`, `saatTime`, `userIP`, `siparisdurum`) VALUES
(50, 'dafron_5c9b8c8513760', '220', '115', '1', 'TOFAŞ EV SAHİBİ TARAFTAR FORMASI', 89, 1, '1', '27/03/2019', '17:45', '85.105.112.158', '1'),
(49, 'dafron_5c9b8c7e48a35', '219', '115', '4', 'TOFAŞ POLO YAKA TSHIRT YEŞİL\r\n', 69, 1, '1', '27/03/2019', '17:45', '85.105.112.158', '4'),
(48, 'dafron_5c9b8c7e48a35', '219', '115', '3', 'TOFAŞ POLO YAKA TSHIRT LACİVERT\r\n', 69, 1, '1', '27/03/2019', '17:45', '85.105.112.158', '4'),
(47, 'dafron_5c9b8c7e48a35', '219', '115', '2', '\r\nTOFAŞ KOLEJ MONT', 119, 1, '1', '27/03/2019', '17:45', '85.105.112.158', '4'),
(46, 'dafron_5c9b8c7e48a35', '219', '115', '1', 'TOFAŞ EV SAHİBİ TARAFTAR FORMASI', 89, 1, '1', '27/03/2019', '17:45', '85.105.112.158', '4'),
(43, 'dafron_5c9b82fc2eb06', '217', '114', '3', 'TOFAŞ POLO YAKA TSHIRT LACİVERT\r\n', 69, 4, '1', '27/03/2019', '17:04', '85.105.112.158', '1'),
(44, 'dafron_5c9b82fc2eb06', '217', '114', '4', 'TOFAŞ POLO YAKA TSHIRT YEŞİL\r\n', 69, 3, '1', '27/03/2019', '17:04', '85.105.112.158', '1'),
(45, 'dafron_5c9b82fc2eb06', '217', '114', '5', 'TOFAŞ ŞAPKA LACİVERT LACİVERT\r\n', 29, 4, '1', '27/03/2019', '17:04', '85.105.112.158', '1'),
(51, 'dafron_5c9b8c8513760', '220', '115', '2', '\r\nTOFAŞ KOLEJ MONT', 119, 1, '1', '27/03/2019', '17:45', '85.105.112.158', '1'),
(52, 'dafron_5c9b8c8513760', '220', '115', '3', 'TOFAŞ POLO YAKA TSHIRT LACİVERT\r\n', 69, 1, '48', '27/03/2019', '17:45', '85.105.112.158', '1'),
(53, 'dafron_5c9b8c8513760', '220', '115', '4', 'TOFAŞ POLO YAKA TSHIRT YEŞİL\r\n', 69, 1, '48', '27/03/2019', '17:45', '85.105.112.158', '1'),
(65, 'dafron_5c9b8d9ea11eb', '223', 'b115', '4', 'TOFAŞ POLO YAKA TSHIRT YEŞİL\r\n', 69, 1, '48', '27/03/2019', '17:50', '85.105.112.158', '2'),
(64, 'dafron_5c9b8d9ea11eb', '223', 'b115', '3', 'TOFAŞ POLO YAKA TSHIRT LACİVERT\r\n', 69, 1, '48', '27/03/2019', '17:50', '85.105.112.158', '2'),
(63, 'dafron_5c9b8d9ea11eb', '223', 'b115', '2', '\r\nTOFAŞ KOLEJ MONT', 119, 1, '48', '27/03/2019', '17:50', '85.105.112.158', '2'),
(62, 'dafron_5c9b8d9ea11eb', '223', 'b115', '1', 'TOFAŞ EV SAHİBİ TARAFTAR FORMASI', 89, 1, '48', '27/03/2019', '17:50', '85.105.112.158', '2'),
(58, 'dafron_5c9b8d3a3a4da', '222', '115', '1', 'TOFAŞ EV SAHİBİ TARAFTAR FORMASI', 89, 1, '48', '27/03/2019', '17:48', '85.105.112.158', '1'),
(59, 'dafron_5c9b8d3a3a4da', '222', '115', '2', '\r\nTOFAŞ KOLEJ MONT', 119, 1, '48', '27/03/2019', '17:48', '85.105.112.158', '1'),
(60, 'dafron_5c9b8d3a3a4da', '222', '115', '3', 'TOFAŞ POLO YAKA TSHIRT LACİVERT\r\n', 69, 1, '48', '27/03/2019', '17:48', '85.105.112.158', '1'),
(61, 'dafron_5c9b8d3a3a4da', '222', '115', '4', 'TOFAŞ POLO YAKA TSHIRT YEŞİL\r\n', 69, 1, '48', '27/03/2019', '17:48', '85.105.112.158', '1'),
(66, 'dafron_5c9c80590f2e3', '225', 'b127', '1', 'TOFAŞ EV SAHİBİ TARAFTAR FORMASI', 89, 2, '48', '28/03/2019', '11:05', '85.105.112.158', '1'),
(67, 'dafron_5c9c80590f2e3', '225', 'b127', '2', '\r\nTOFAŞ KOLEJ MONT', 119, 2, '48', '28/03/2019', '11:05', '85.105.112.158', '1'),
(68, 'dafron_5c9c80590f2e3', '225', 'b127', '3', 'TOFAŞ POLO YAKA TSHIRT LACİVERT\r\n', 69, 1, '48', '28/03/2019', '11:05', '85.105.112.158', '1'),
(69, 'dafron_5c9c80590f2e3', '225', 'b127', '4', 'TOFAŞ POLO YAKA TSHIRT YEŞİL\r\n', 69, 1, '48', '28/03/2019', '11:05', '85.105.112.158', '1'),
(70, 'dafron_5c9c8cfbc46c6', '226', 'b137', '1', 'TOFAŞ EV SAHİBİ TARAFTAR FORMASI', 89, 2, '48', '28/03/2019', '11:59', '85.105.112.158', '1'),
(71, 'dafron_5c9c8cfbc46c6', '226', 'b137', '2', '\r\nTOFAŞ KOLEJ MONT', 119, 2, '48', '28/03/2019', '11:59', '85.105.112.158', '1'),
(72, 'dafron_5c9c8cfbc46c6', '226', 'b137', '3', 'TOFAŞ POLO YAKA TSHIRT LACİVERT\r\n', 69, 1, '48', '28/03/2019', '11:59', '85.105.112.158', '1'),
(73, 'dafron_5c9c8cfbc46c6', '226', 'b137', '4', 'TOFAŞ POLO YAKA TSHIRT YEŞİL\r\n', 69, 1, '48', '28/03/2019', '11:59', '85.105.112.158', '1'),
(74, 'dafron_5c9c8f1ede1a9', '227', 'b140', '1', 'TOFAŞ EV SAHİBİ TARAFTAR FORMASI', 89, 2, '48', '28/03/2019', '12:08', '85.105.112.158', '1'),
(75, 'dafron_5c9c8f1ede1a9', '227', 'b140', '2', '\r\nTOFAŞ KOLEJ MONT', 119, 2, '48', '28/03/2019', '12:08', '85.105.112.158', '1'),
(76, 'dafron_5c9c8f1ede1a9', '227', 'b140', '3', 'TOFAŞ POLO YAKA TSHIRT LACİVERT\r\n', 69, 1, '48', '28/03/2019', '12:08', '85.105.112.158', '1'),
(77, 'dafron_5c9c8f1ede1a9', '227', 'b140', '4', 'TOFAŞ POLO YAKA TSHIRT YEŞİL\r\n', 69, 1, '48', '28/03/2019', '12:08', '85.105.112.158', '1'),
(78, 'dafron_5c9c8f45a40b1', '228', 'b140', '1', 'TOFAŞ EV SAHİBİ TARAFTAR FORMASI', 89, 2, '48', '28/03/2019', '12:09', '85.105.112.158', '1'),
(79, 'dafron_5c9c8f45a40b1', '228', 'b140', '2', '\r\nTOFAŞ KOLEJ MONT', 119, 2, '48', '28/03/2019', '12:09', '85.105.112.158', '1'),
(80, 'dafron_5c9c8f45a40b1', '228', 'b140', '3', 'TOFAŞ POLO YAKA TSHIRT LACİVERT\r\n', 69, 1, '48', '28/03/2019', '12:09', '85.105.112.158', '1'),
(81, 'dafron_5c9c8f45a40b1', '228', 'b140', '4', 'TOFAŞ POLO YAKA TSHIRT YEŞİL\r\n', 69, 1, '48', '28/03/2019', '12:09', '85.105.112.158', '1'),
(82, 'dafron_5c9c8f622b155', '229', 'b140', '1', 'TOFAŞ EV SAHİBİ TARAFTAR FORMASI', 89, 2, '48', '28/03/2019', '12:09', '85.105.112.158', '1'),
(83, 'dafron_5c9c8f622b155', '229', 'b140', '2', '\r\nTOFAŞ KOLEJ MONT', 119, 2, '48', '28/03/2019', '12:09', '85.105.112.158', '1'),
(84, 'dafron_5c9c8f622b155', '229', 'b140', '3', 'TOFAŞ POLO YAKA TSHIRT LACİVERT\r\n', 69, 1, '48', '28/03/2019', '12:09', '85.105.112.158', '1'),
(85, 'dafron_5c9c8f622b155', '229', 'b140', '4', 'TOFAŞ POLO YAKA TSHIRT YEŞİL\r\n', 69, 1, '48', '28/03/2019', '12:09', '85.105.112.158', '1'),
(86, 'dafron_5c9c8fcc88149', '230', 'b141', '1', 'TOFAŞ EV SAHİBİ TARAFTAR FORMASI', 89, 2, '48', '28/03/2019', '12:11', '85.105.112.158', '3'),
(87, 'dafron_5c9c8fcc88149', '230', 'b141', '2', '\r\nTOFAŞ KOLEJ MONT', 119, 2, '48', '28/03/2019', '12:11', '85.105.112.158', '3'),
(88, 'dafron_5c9c8fcc88149', '230', 'b141', '3', 'TOFAŞ POLO YAKA TSHIRT LACİVERT\r\n', 69, 1, '48', '28/03/2019', '12:11', '85.105.112.158', '3'),
(89, 'dafron_5c9c8fcc88149', '230', 'b141', '4', 'TOFAŞ POLO YAKA TSHIRT YEŞİL\r\n', 69, 1, '48', '28/03/2019', '12:11', '85.105.112.158', '3'),
(90, 'dafron_5c9c9c01a50ac', '231', 'b147', '1', 'TOFAŞ EV SAHİBİ TARAFTAR FORMASI', 89, 2, '48', '28/03/2019', '13:03', '85.105.112.158', '1'),
(91, 'dafron_5c9c9c01a50ac', '231', 'b147', '2', '\r\nTOFAŞ KOLEJ MONT', 119, 2, '48', '28/03/2019', '13:03', '85.105.112.158', '1'),
(92, 'dafron_5c9c9c01a50ac', '231', 'b147', '3', 'TOFAŞ POLO YAKA TSHIRT LACİVERT\r\n', 69, 1, '48', '28/03/2019', '13:03', '85.105.112.158', '1'),
(93, 'dafron_5c9c9c01a50ac', '231', 'b147', '4', 'TOFAŞ POLO YAKA TSHIRT YEŞİL\r\n', 69, 1, '48', '28/03/2019', '13:03', '85.105.112.158', '1'),
(94, 'dafron_5c9c9cb678a54', '232', 'b148', '1', 'TOFAŞ EV SAHİBİ TARAFTAR FORMASI', 89, 2, '48', '28/03/2019', '13:06', '85.105.112.158', '1'),
(95, 'dafron_5c9c9cb678a54', '232', 'b148', '2', '\r\nTOFAŞ KOLEJ MONT', 119, 2, '48', '28/03/2019', '13:06', '85.105.112.158', '1'),
(96, 'dafron_5c9c9cb678a54', '232', 'b148', '3', 'TOFAŞ POLO YAKA TSHIRT LACİVERT\r\n', 69, 1, '48', '28/03/2019', '13:06', '85.105.112.158', '1'),
(97, 'dafron_5c9c9cb678a54', '232', 'b148', '4', 'TOFAŞ POLO YAKA TSHIRT YEŞİL\r\n', 69, 1, '48', '28/03/2019', '13:06', '85.105.112.158', '1'),
(98, 'dafron_5c9de00eb6960', '233', 'b149', '1', 'TOFAŞ EV SAHİBİ TARAFTAR FORMASI', 89, 2, '48', '29/03/2019', '12:06', '85.105.112.158', '1'),
(99, 'dafron_5c9de00eb6960', '233', 'b149', '2', '\r\nTOFAŞ KOLEJ MONT', 119, 1, '48', '29/03/2019', '12:06', '85.105.112.158', '1'),
(100, 'dafron_5c9de00eb6960', '233', 'b149', '3', 'TOFAŞ POLO YAKA TSHIRT LACİVERT\r\n', 69, 1, '48', '29/03/2019', '12:06', '85.105.112.158', '1'),
(101, 'dafron_5c9de00eb6960', '233', 'b149', '4', 'TOFAŞ POLO YAKA TSHIRT YEŞİL\r\n', 69, 1, '48', '29/03/2019', '12:06', '85.105.112.158', '1'),
(102, 'dafron_5c9e2713d6518', '241', 'b152', '1', 'TOFAŞ EV SAHİBİ TARAFTAR FORMASI', 89, 9, '48', '29/03/2019', '17:09', '85.105.112.158', '1'),
(103, 'dafron_5c9e2713d6518', '241', 'b152', '2', '\r\nTOFAŞ KOLEJ MONT', 119, 1, '48', '29/03/2019', '17:09', '85.105.112.158', '1'),
(104, 'dafron_5c9e2713d6518', '241', 'b152', '3', 'TOFAŞ POLO YAKA TSHIRT LACİVERT\r\n', 69, 1, '48', '29/03/2019', '17:09', '85.105.112.158', '1'),
(105, 'dafron_5c9e2713d6518', '241', 'b152', '4', 'TOFAŞ POLO YAKA TSHIRT YEŞİL\r\n', 69, 1, '48', '29/03/2019', '17:09', '85.105.112.158', '1'),
(106, 'dafron_5ca0e48abc74f', '243', 'b154', '1', 'TOFAŞ EV SAHİBİ TARAFTAR FORMASI', 89, 1, '1', '31/03/2019', '19:02', '176.55.154.34', '1'),
(107, 'dafron_5ca0e48abc74f', '243', 'b154', '3', 'TOFAŞ POLO YAKA TSHIRT LACİVERT\r\n', 69, 1, '1', '31/03/2019', '19:02', '176.55.154.34', '1'),
(108, 'dafron_5ca0e48ea0142', '244', 'b154', '1', 'TOFAŞ EV SAHİBİ TARAFTAR FORMASI', 89, 1, '1', '31/03/2019', '19:02', '176.55.154.34', '1'),
(109, 'dafron_5ca0e48ea0142', '244', 'b154', '3', 'TOFAŞ POLO YAKA TSHIRT LACİVERT\r\n', 69, 1, '1', '31/03/2019', '19:02', '176.55.154.34', '1'),
(110, 'dafron_5ca0e48f86eee', '245', 'b154', '1', 'TOFAŞ EV SAHİBİ TARAFTAR FORMASI', 89, 1, '1', '31/03/2019', '19:02', '176.55.154.34', '1'),
(111, 'dafron_5ca0e48f86eee', '245', 'b154', '3', 'TOFAŞ POLO YAKA TSHIRT LACİVERT\r\n', 69, 1, '1', '31/03/2019', '19:02', '176.55.154.34', '1'),
(112, 'dafron_5ca0e49551648', '246', 'b154', '1', 'TOFAŞ EV SAHİBİ TARAFTAR FORMASI', 89, 2, '1', '31/03/2019', '19:02', '176.55.154.34', '4'),
(113, 'dafron_5ca0e49551648', '246', 'b154', '3', 'TOFAŞ POLO YAKA TSHIRT LACİVERT\r\n', 69, 1, '1', '31/03/2019', '19:02', '176.55.154.34', '4'),
(114, 'dafron_5ca46ebe29d1a', '264', 'b552', '1', 'TOFAŞ EV SAHİBİ TARAFTAR FORMASI', 89, 2, '9', '03/04/2019', '11:28', '78.175.230.94', '1'),
(115, 'dafron_5ca46ebe29d1a', '264', 'b552', '3', 'TOFAŞ POLO YAKA TSHIRT LACİVERT\r\n', 69, 1, '9', '03/04/2019', '11:28', '78.175.230.94', '1');

-- --------------------------------------------------------

--
-- Tablo için tablo yapısı `completed_payment`
--

CREATE TABLE `completed_payment` (
  `cartID` int(11) NOT NULL,
  `cartProductID` int(11) NOT NULL,
  `cartProductName` varchar(255) NOT NULL,
  `cartProductPrice` varchar(255) NOT NULL
) ENGINE=InnoDB DEFAULT CHARSET=utf8;

--
-- Tablo döküm verisi `completed_payment`
--

INSERT INTO `completed_payment` (`cartID`, `cartProductID`, `cartProductName`, `cartProductPrice`) VALUES
(192, 1, 'DAFRON ÇORAP HAVLU LOGOLU-GRİ\r\n', '2'),
(193, 0, '', '1'),
(194, 1, 'DAFRON ÇORAP HAVLU LOGOLU-GRİ\r\n', '3'),
(195, 1, 'DAFRON ÇORAP HAVLU LOGOLU-GRİ\r\n', '4'),
(196, 1, 'DAFRON ÇORAP HAVLU LOGOLU-GRİ\r\n', '5'),
(197, 1, 'DAFRON ÇORAP HAVLU LOGOLU-GRİ\r\n', '6'),
(198, 1, 'DAFRON ÇORAP HAVLU LOGOLU-GRİ\r\n', '7'),
(199, 1, 'DAFRON ÇORAP HAVLU LOGOLU-GRİ\r\n', '8'),
(200, 1, 'DAFRON ÇORAP HAVLU LOGOLU-GRİ\r\n', '9'),
(201, 1, 'DAFRON ÇORAP HAVLU LOGOLU-GRİ\r\n', '10'),
(202, 1, 'DAFRON ÇORAP HAVLU LOGOLU-GRİ\r\n', '11'),
(203, 1, 'DAFRON ÇORAP HAVLU LOGOLU-GRİ\r\n', '12'),
(204, 1, 'DAFRON ÇORAP HAVLU LOGOLU-GRİ\r\n', '13'),
(205, 1, 'DAFRON ÇORAP HAVLU LOGOLU-GRİ\r\n', '14'),
(206, 1, 'DAFRON ÇORAP HAVLU LOGOLU-GRİ\r\n', '15');

-- --------------------------------------------------------

--
-- Tablo için tablo yapısı `contact`
--

CREATE TABLE `contact` (
  `messageID` int(11) NOT NULL,
  `messageName` varchar(255) NOT NULL,
  `messageEmail` varchar(255) NOT NULL,
  `messageText` varchar(255) NOT NULL
) ENGINE=MyISAM DEFAULT CHARSET=utf8;

--
-- Tablo döküm verisi `contact`
--

INSERT INTO `contact` (`messageID`, `messageName`, `messageEmail`, `messageText`) VALUES
(1, 'Gamze Nur Ta?', 'gamze.0793@gmail.com', ''),
(2, 'Gamze Nur Ta?', 'gamze.0793@gmail.com', ''),
(3, 'Gamze Nur Ta?', 'gamze.0793@gmail.com', 'sfhzfhdndxgb');

-- --------------------------------------------------------

--
-- Tablo için tablo yapısı `coupon`
--

CREATE TABLE `coupon` (
  `couponID` int(11) NOT NULL,
  `couponCode` varchar(255) NOT NULL,
  `couponType` varchar(255) NOT NULL,
  `couponDate` mediumtext NOT NULL,
  `couponDetails` mediumtext NOT NULL,
  `userid` int(11) NOT NULL,
  `hatamesaji` mediumtext NOT NULL,
  `durum` int(11) NOT NULL
) ENGINE=MyISAM DEFAULT CHARSET=utf8;

--
-- Tablo döküm verisi `coupon`
--

INSERT INTO `coupon` (`couponID`, `couponCode`, `couponType`, `couponDate`, `couponDetails`, `userid`, `hatamesaji`, `durum`) VALUES
(1, 'test1', 'type1', '12/04/2019', 'detail1', 9, 'deneme', 2),
(2, 'test2', 'type2', '30.03.2019', 'detail2', 9, '', 1);

-- --------------------------------------------------------

--
-- Tablo için tablo yapısı `coupon_stock`
--

CREATE TABLE `coupon_stock` (
  `couponID` int(11) NOT NULL,
  `couponCode` varchar(255) NOT NULL,
  `couponType` varchar(255) NOT NULL,
  `couponDate` mediumtext NOT NULL,
  `couponDetails` mediumtext NOT NULL,
  `couponPrice` int(11) NOT NULL,
  `updateDate` text NOT NULL,
  `durum` int(11) NOT NULL
) ENGINE=MyISAM DEFAULT CHARSET=utf8;

-- --------------------------------------------------------

--
-- Tablo için tablo yapısı `customers`
--

CREATE TABLE `customers` (
  `UserID` int(11) NOT NULL,
  `UserEmail` varchar(500) DEFAULT NULL,
  `UserPassword` varchar(500) DEFAULT NULL,
  `UserFirstName` varchar(50) DEFAULT NULL,
  `UserLastName` varchar(50) DEFAULT NULL,
  `UserRegistrationDate` timestamp NULL DEFAULT CURRENT_TIMESTAMP,
  `UserVerificationCode` varchar(20) DEFAULT NULL,
  `UserIP` varchar(50) DEFAULT NULL,
  `UserPhone` varchar(20) DEFAULT NULL,
  `UserAddress` varchar(100) DEFAULT NULL,
  `UserType` int(11) NOT NULL,
  `companyName` varchar(255) NOT NULL,
  `kurumsalUnvan` varchar(255) NOT NULL,
  `vergiNo` int(30) NOT NULL,
  `vergiDairesi` varchar(255) NOT NULL,
  `tel` int(11) NOT NULL
) ENGINE=MyISAM DEFAULT CHARSET=utf8;

--
-- Tablo döküm verisi `customers`
--

INSERT INTO `customers` (`UserID`, `UserEmail`, `UserPassword`, `UserFirstName`, `UserLastName`, `UserRegistrationDate`, `UserVerificationCode`, `UserIP`, `UserPhone`, `UserAddress`, `UserType`, `companyName`, `kurumsalUnvan`, `vergiNo`, `vergiDairesi`, `tel`) VALUES
(50, 'soner@dafron.com', 'e01013a27dc5a27eb137a66a0058d305', 'Soner', 'Aydoğdu', '2019-03-28 06:31:49', NULL, NULL, '(554) 380-8416', NULL, 1, '', '', 0, '', 0),
(1, 'wktasarim@gmail.com', 'e10adc3949ba59abbe56e057f20f883e', 'çağatay', 'yalçın', '2019-03-27 15:17:28', NULL, NULL, '(544) 328-8959', NULL, 1, '', '', 0, '', 0),
(9, 'gamze.0793@gmail.com', 'e10adc3949ba59abbe56e057f20f883e', 'Gamze Nur', 'Taş', '2019-04-02 09:33:02', NULL, '85.105.112.158', '(505) 209-2249', NULL, 2, '', '', 0, '', 0),
(58, 'melihyavuz06@gmail.com', '202cb962ac59075b964b07152d234b70', 'melih', 'yavuz', '2019-04-01 12:41:58', NULL, '78.175.230.94', '(554) 872-5678', NULL, 2, '', '', 0, '', 0);

-- --------------------------------------------------------

--
-- Tablo için tablo yapısı `ebulten`
--

CREATE TABLE `ebulten` (
  `bultenID` int(11) NOT NULL,
  `userEmail` varchar(255) NOT NULL
) ENGINE=MyISAM DEFAULT CHARSET=utf8;

--
-- Tablo döküm verisi `ebulten`
--

INSERT INTO `ebulten` (`bultenID`, `userEmail`) VALUES
(1, 'gamze.0793@gmail.com'),
(2, ''),
(3, ''),
(4, '');

-- --------------------------------------------------------

--
-- Tablo için tablo yapısı `genders`
--

CREATE TABLE `genders` (
  `gendersID` int(11) NOT NULL,
  `gendersName` varchar(255) NOT NULL,
  `isActive` tinyint(1) NOT NULL DEFAULT '1',
  `isDeleted` tinyint(1) NOT NULL DEFAULT '0'
) ENGINE=InnoDB DEFAULT CHARSET=utf8;

--
-- Tablo döküm verisi `genders`
--

INSERT INTO `genders` (`gendersID`, `gendersName`, `isActive`, `isDeleted`) VALUES
(1, 'Erkek', 1, 0),
(2, 'Kadın', 1, 0),
(3, 'Unisex', 1, 0),
(4, 'Erkek Çocuk', 1, 0),
(5, 'Kız Çocuk', 1, 0),
(6, 'Herkes', 1, 0),
(7, 'Diğer', 1, 0),
(8, 'top', 1, 0);

-- --------------------------------------------------------

--
-- Tablo için tablo yapısı `gift`
--

CREATE TABLE `gift` (
  `giftID` int(255) NOT NULL,
  `userID` int(255) NOT NULL,
  `giftPrice` int(255) NOT NULL,
  `giftUsed` int(255) NOT NULL
) ENGINE=MyISAM DEFAULT CHARSET=utf8;

-- --------------------------------------------------------

--
-- Tablo için tablo yapısı `kullanici_yorum`
--

CREATE TABLE `kullanici_yorum` (
  `yorumID` int(11) NOT NULL,
  `urunID` int(11) NOT NULL,
  `userID` int(11) NOT NULL,
  `yorumPuan` int(11) NOT NULL,
  `yorumBaslik` mediumtext NOT NULL,
  `yorum` longtext NOT NULL,
  `tarih` mediumtext NOT NULL,
  `saat` mediumtext NOT NULL,
  `ip` mediumtext NOT NULL
) ENGINE=MyISAM DEFAULT CHARSET=utf8;

--
-- Tablo döküm verisi `kullanici_yorum`
--

INSERT INTO `kullanici_yorum` (`yorumID`, `urunID`, `userID`, `yorumPuan`, `yorumBaslik`, `yorum`, `tarih`, `saat`, `ip`) VALUES
(1, 0, 9, 5, 'test1', 'yorum1', '03/04/2019', '17', '81213'),
(2, 0, 9, 4, 'test2', 'yorum2', '03/04/2019', '10:25', '78.175.230.94'),
(3, 0, 9, 3, 'test3', 'yorum3', '03/04/2019', '10:33', '78.175.230.94'),
(4, 5, 9, 4, 'test4', 'yorum4', '03/04/2019', '10:35', '78.175.230.94'),
(5, 0, 0, 3, 'sdfbfdfsd', 'sdfghjgfds', '04/04/2019', '09:18', '78.175.230.94'),
(6, 1, 9, 5, 'test', 'test', '08/04/2019', '11:44', '85.105.112.158');

-- --------------------------------------------------------

--
-- Tablo için tablo yapısı `kurumsal_fatura`
--

CREATE TABLE `kurumsal_fatura` (
  `kurumsal_faturaID` int(11) NOT NULL,
  `kurumsal_faturaUnvan` varchar(255) NOT NULL,
  `kurumsal_fatura_ad` varchar(255) NOT NULL,
  `kurumsal_fatura_soyad` varchar(255) NOT NULL,
  `kurumsal_fatura_phone` int(30) NOT NULL,
  `kurumsal_faturaVergiDairesi` varchar(255) NOT NULL,
  `kurumsal_faturaVergiNo` int(30) NOT NULL,
  `kurumsal_fatura_il` varchar(30) NOT NULL,
  `kurumsal_fatura_ilce` varchar(30) NOT NULL,
  `kurumsal_fatura_adres` varchar(255) NOT NULL
) ENGINE=MyISAM DEFAULT CHARSET=utf8;

--
-- Tablo döküm verisi `kurumsal_fatura`
--

INSERT INTO `kurumsal_fatura` (`kurumsal_faturaID`, `kurumsal_faturaUnvan`, `kurumsal_fatura_ad`, `kurumsal_fatura_soyad`, `kurumsal_fatura_phone`, `kurumsal_faturaVergiDairesi`, `kurumsal_faturaVergiNo`, `kurumsal_fatura_il`, `kurumsal_fatura_ilce`, `kurumsal_fatura_adres`) VALUES
(52, '', '', '', 0, '', 0, '0', '0', ''),
(50, 'qweqwe', 'qweqwe', 'qweqwe', 0, 'qweqwe', 0, '0', '0', ''),
(51, '', '', '', 0, '', 0, '0', '0', ''),
(47, '', '', '', 0, '', 0, '0', '', ''),
(48, '', '', '', 0, '', 0, '0', '', ''),
(49, '', '', '', 0, '', 0, '0', '', ''),
(44, '', '', '', 0, '', 0, '0', '0', ''),
(45, '', '', '', 0, '', 0, '0', '0', ''),
(46, '', '', '', 0, '', 0, '0', '0', ''),
(42, '', '', '', 0, '', 0, '1', 'Ceyhan', ''),
(43, '', '', '', 0, '', 0, '0', '0', ''),
(41, '', '', '', 0, '', 0, '17', 'Biga', ''),
(40, '', '', '', 0, '', 0, '13', 'Ahlat', '');

-- --------------------------------------------------------

--
-- Tablo için tablo yapısı `messages`
--

CREATE TABLE `messages` (
  `MessageID` int(11) NOT NULL,
  `MessageSenderName` varchar(50) DEFAULT NULL,
  `MessageSenderLastName` varchar(50) DEFAULT NULL,
  `MessageSenderEmail` varchar(200) DEFAULT NULL,
  `MessageText` text
) ENGINE=MyISAM DEFAULT CHARSET=utf8;

-- --------------------------------------------------------

--
-- Tablo için tablo yapısı `options`
--

CREATE TABLE `options` (
  `optionsID` int(11) NOT NULL,
  `optionsName` varchar(255) NOT NULL,
  `isActive` tinyint(1) NOT NULL DEFAULT '1',
  `isDeleted` tinyint(1) NOT NULL DEFAULT '0'
) ENGINE=InnoDB DEFAULT CHARSET=utf8;

--
-- Tablo döküm verisi `options`
--

INSERT INTO `options` (`optionsID`, `optionsName`, `isActive`, `isDeleted`) VALUES
(1, 'Kıyafet Üst (Yetişkin)', 1, 0),
(2, 'Tam Ayakkabı Numaraları (Kadın)', 1, 0),
(3, 'Tam Ayakkabı Numaraları (Erkek)', 1, 0),
(4, 'Buçuklu Ayakkabı Modelleri (Kadın)', 1, 0),
(5, 'Buçuklu Ayakkabı Modelleri (Erkek)', 1, 0),
(6, 'Eşofman Alt (Yetişkin)', 1, 0),
(7, 'Genel (Çocuk)', 1, 0),
(8, 'Çorap (Kadın)', 1, 0),
(9, 'Tek Beden / Tek Numara', 1, 0),
(12, 'deneme1', 1, 0),
(13, 'deneme1', 1, 0),
(14, 'asasddas', 1, 0),
(15, 'deneme1', 1, 0),
(16, 'Forma Renkler', 1, 0),
(17, 'Forma Renkler', 1, 0);

-- --------------------------------------------------------

--
-- Tablo için tablo yapısı `optionvalues`
--

CREATE TABLE `optionvalues` (
  `optionValuesID` int(11) NOT NULL,
  `optionValuesName` varchar(255) NOT NULL,
  `optionValuesShortening` varchar(255) NOT NULL,
  `optionsID` int(11) NOT NULL,
  `isActive` tinyint(1) NOT NULL DEFAULT '1',
  `isDeleted` tinyint(1) NOT NULL DEFAULT '0'
) ENGINE=InnoDB DEFAULT CHARSET=utf8;

--
-- Tablo döküm verisi `optionvalues`
--

INSERT INTO `optionvalues` (`optionValuesID`, `optionValuesName`, `optionValuesShortening`, `optionsID`, `isActive`, `isDeleted`) VALUES
(1, 'Xsmall', 'XS', 1, 1, 0),
(2, 'Small', 'S', 1, 1, 0),
(3, 'Medium', 'M', 1, 1, 0),
(4, 'Large', 'L', 1, 1, 0),
(5, 'Xlarge', 'XL', 1, 1, 0),
(6, 'XXLarge', 'XXL', 1, 1, 0),
(7, '35', '35', 2, 1, 0),
(8, '36', '', 2, 1, 0),
(9, '37', '', 2, 1, 0),
(10, '38', '', 2, 1, 0),
(11, '39', '', 2, 1, 0),
(12, '40', '', 2, 1, 0),
(13, '41', '', 2, 1, 0),
(14, '42', '', 2, 1, 0),
(15, '37', '', 3, 1, 0),
(16, '38', '', 3, 1, 0),
(17, '39', '', 3, 1, 0),
(18, '40', '', 3, 1, 0),
(19, '41', '', 3, 1, 0),
(20, '42', '', 3, 1, 0),
(21, '43', '', 3, 1, 0),
(22, '44', '', 3, 1, 0),
(23, '45', '', 3, 1, 0),
(24, '35', '', 4, 1, 0),
(25, '35.5', '', 4, 1, 0),
(26, '36', '', 4, 1, 0),
(27, '36.5', '', 4, 1, 0),
(28, '37', '', 4, 1, 0),
(29, '37.5', '', 4, 1, 0),
(30, '38', '', 4, 1, 0),
(31, '38.5', '', 4, 1, 0),
(32, '39', '', 4, 1, 0),
(33, '39.5', '', 4, 1, 0),
(34, '40', '', 4, 1, 0),
(35, '40.5', '', 4, 1, 0),
(36, '41', '', 4, 1, 0),
(37, '41,5', '', 4, 1, 0),
(38, '42', '', 4, 1, 0),
(39, '37', '', 5, 1, 0),
(40, '37.5', '', 5, 1, 0),
(41, '38', '', 5, 1, 0),
(42, '38.5', '', 5, 1, 0),
(43, '39', '', 5, 1, 0),
(44, '39.5', '', 5, 1, 0),
(45, '40', '', 5, 1, 0),
(46, '41.5', '', 5, 1, 0),
(47, '42', '', 5, 1, 0),
(48, '42.5', '', 5, 1, 0),
(49, '43.5', '', 5, 1, 0),
(50, '44', '', 5, 1, 0),
(51, '44.5', '', 5, 1, 0),
(52, '45', '', 5, 1, 0),
(53, '45.5', '', 5, 1, 0),
(54, '46', '', 5, 1, 0),
(55, '46.5', '', 5, 1, 0),
(56, '47', '', 5, 1, 0),
(57, '47.5', '', 5, 1, 0),
(58, '48', '', 5, 1, 0),
(59, '48.5', '', 5, 1, 0),
(60, '49', '', 5, 1, 0),
(61, '49.5', '', 5, 1, 0),
(62, '50', '', 5, 1, 0),
(63, '50.5', '', 5, 1, 0),
(64, '51', '', 5, 1, 0),
(65, '43', '', 2, 1, 0),
(66, '44', '', 2, 1, 0),
(67, '45', '', 2, 1, 0),
(68, '46', '', 3, 1, 0),
(69, '47', '', 3, 1, 0),
(70, '48', '', 3, 1, 0),
(71, '49', '', 3, 1, 0),
(72, '50', '', 3, 1, 0),
(73, '51', '', 3, 1, 0),
(74, 'XXSmall', 'XXS', 6, 1, 0),
(75, 'XSmall', 'XS', 6, 1, 0),
(76, 'Small', 'S', 6, 1, 0),
(77, 'Medium', 'M', 6, 1, 0),
(78, 'Large', 'L', 6, 1, 0),
(79, 'XLarge', 'XL', 6, 1, 0),
(80, 'XXLarge', 'XXL', 6, 1, 0),
(81, '3XLarge', '3XL', 6, 1, 0),
(82, '3XLarge', '3XL', 1, 1, 0),
(83, '3-4 Yaş', '3-4', 7, 1, 0),
(84, '4-5 Yaş', '4-5', 7, 1, 0),
(85, '5-6 Yaş', '', 7, 1, 0),
(86, '6-7 Yaş', '', 7, 1, 0),
(87, '7-8 Yaş', '', 7, 1, 0),
(88, '8-9 Yaş', '', 7, 1, 0),
(89, '9-10 Yaş', '', 7, 1, 0),
(90, '11-12 Yaş', '', 7, 1, 0),
(91, '13-14 Yaş', '', 7, 1, 0),
(92, '33-35', '', 8, 1, 0),
(93, '35-36', '', 8, 1, 0),
(94, '36-38', '', 8, 1, 0),
(95, '39-40', '', 8, 1, 0),
(96, '41-42', '', 8, 1, 0),
(97, 'değer1', 'd1', 12, 1, 1),
(98, 'asdasd11', 'asdasd', 12, 1, 0),
(99, 'aaa11', 'aa', 12, 1, 0),
(100, 'aa11', '', 12, 1, 0),
(101, 'üst', '1', 12, 1, 0),
(102, 'alt', '1', 12, 1, 0),
(103, '12', '3', 12, 1, 0),
(104, '13', '2', 12, 1, 0),
(105, 'üst', '', 13, 1, 0),
(106, 'as', '', 14, 1, 0),
(107, 'aaaaaaaa', '', 15, 1, 0),
(108, 'asd', '', 16, 1, 0),
(109, 'das', '', 16, 1, 0),
(110, 'Kırmızı', '#ff00000', 17, 1, 0),
(111, 'Beyaz', 'beyaz', 17, 1, 0),
(112, 'Karışık', '', 17, 1, 0);

-- --------------------------------------------------------

--
-- Tablo için tablo yapısı `orderdetails`
--

CREATE TABLE `orderdetails` (
  `DetailID` int(11) NOT NULL,
  `DetailOrderID` int(11) NOT NULL,
  `DetailProductID` int(11) NOT NULL,
  `DetailName` varchar(250) NOT NULL,
  `DetailPrice` float NOT NULL
) ENGINE=MyISAM DEFAULT CHARSET=utf8;

-- --------------------------------------------------------

--
-- Tablo için tablo yapısı `orders`
--

CREATE TABLE `orders` (
  `OrderID` int(11) NOT NULL,
  `OrderUserID` int(11) NOT NULL,
  `OrderAmount` float NOT NULL,
  `OrderShipName` varchar(100) NOT NULL,
  `OrderShipAddress` varchar(100) NOT NULL,
  `OrderPhone` varchar(20) NOT NULL,
  `OrderShipping` float NOT NULL,
  `OrderTax` float NOT NULL,
  `OrderEmail` varchar(100) NOT NULL,
  `OrderDate` timestamp NOT NULL DEFAULT CURRENT_TIMESTAMP,
  `OrderShipped` tinyint(1) NOT NULL DEFAULT '0',
  `OrderTrackingNumber` varchar(80) DEFAULT NULL
) ENGINE=MyISAM DEFAULT CHARSET=utf8;

-- --------------------------------------------------------

--
-- Tablo için tablo yapısı `productcategories`
--

CREATE TABLE `productcategories` (
  `productCategoriesID` int(11) NOT NULL,
  `topCategoriesID` int(11) NOT NULL,
  `middleCategoriesID` int(11) NOT NULL,
  `subCategoriesID` int(11) NOT NULL,
  `ProductID` int(11) NOT NULL
) ENGINE=MyISAM DEFAULT CHARSET=utf8;

--
-- Tablo döküm verisi `productcategories`
--

INSERT INTO `productcategories` (`productCategoriesID`, `topCategoriesID`, `middleCategoriesID`, `subCategoriesID`, `ProductID`) VALUES
(56, 1, 6, 0, 36),
(55, 1, 6, 27, 36),
(26, 1, 7, 34, 1),
(25, 1, 7, 0, 1),
(21, 2, 0, 0, 1),
(20, 1, 0, 0, 1),
(54, 2, 0, 0, 36),
(57, 1, 0, 0, 37),
(58, 1, 6, 0, 37),
(59, 1, 6, 25, 37);

-- --------------------------------------------------------

--
-- Tablo için tablo yapısı `productphotos`
--

CREATE TABLE `productphotos` (
  `productPhotosID` int(11) NOT NULL,
  `productPhotosLocation` varchar(255) NOT NULL,
  `productID` int(11) NOT NULL,
  `productPhotosRow` int(11) NOT NULL,
  `isMain` tinyint(1) NOT NULL,
  `isActive` tinyint(1) NOT NULL
) ENGINE=InnoDB DEFAULT CHARSET=utf8;

--
-- Tablo döküm verisi `productphotos`
--

INSERT INTO `productphotos` (`productPhotosID`, `productPhotosLocation`, `productID`, `productPhotosRow`, `isMain`, `isActive`) VALUES
(19, '../uploads/urunler/denemeürünaaaa_0/denemeürünaaaa-867533914.jpg', 36, 0, 0, 0);

-- --------------------------------------------------------

--
-- Tablo için tablo yapısı `products`
--

CREATE TABLE `products` (
  `ProductID` int(12) NOT NULL,
  `ProductName` varchar(100) NOT NULL,
  `brand` varchar(255) NOT NULL,
  `productGroup` varchar(255) NOT NULL,
  `ProductCode` varchar(255) NOT NULL,
  `ProductPrice` double NOT NULL,
  `ProductDesc` longtext NOT NULL,
  `ProductImage` varchar(100) NOT NULL,
  `ProductImage2` varchar(255) NOT NULL,
  `ProductColorCode` varchar(255) NOT NULL,
  `genderID` int(11) NOT NULL,
  `genderDesc` text NOT NULL,
  `alt_image1` varchar(255) NOT NULL,
  `alt_image2` varchar(255) NOT NULL,
  `alt_image3` varchar(255) NOT NULL,
  `alt_image4` varchar(255) NOT NULL,
  `ProductMainCategoryID` int(11) DEFAULT NULL,
  `ProductMainCategoryName` varchar(255) NOT NULL,
  `ProductAltCategoryID` int(11) NOT NULL,
  `ProductAltCategoryName` varchar(255) NOT NULL,
  `ProductStock` float DEFAULT NULL,
  `minimumNumber` int(11) NOT NULL,
  `ProductSEO` longtext NOT NULL,
  `ProductMetaTitle` varchar(255) NOT NULL,
  `ProductMetaDesc` varchar(255) NOT NULL,
  `ProductMetaWord` varchar(255) NOT NULL,
  `SKU` int(50) NOT NULL,
  `UPC` int(50) NOT NULL,
  `EAN` int(50) NOT NULL,
  `JAN` int(50) NOT NULL,
  `ISBN` int(50) NOT NULL,
  `MPN` int(50) NOT NULL,
  `taxClass` varchar(200) NOT NULL,
  `dropStock` int(11) NOT NULL,
  `shipNecessity` int(11) NOT NULL,
  `productLength` float NOT NULL,
  `productWidth` float NOT NULL,
  `productHeight` float NOT NULL,
  `productDeci` float NOT NULL,
  `productWeight` float NOT NULL,
  `unitofLength` varchar(50) NOT NULL,
  `unitofWeight` varchar(50) NOT NULL,
  `condition` int(11) NOT NULL,
  `isActive` tinyint(1) NOT NULL DEFAULT '1',
  `isDeleted` tinyint(1) NOT NULL DEFAULT '0',
  `brandsID` int(11) NOT NULL,
  `optionID` int(11) NOT NULL,
  `optionsID` int(11) NOT NULL
) ENGINE=MyISAM DEFAULT CHARSET=utf8;

--
-- Tablo döküm verisi `products`
--

INSERT INTO `products` (`ProductID`, `ProductName`, `brand`, `productGroup`, `ProductCode`, `ProductPrice`, `ProductDesc`, `ProductImage`, `ProductImage2`, `ProductColorCode`, `genderID`, `genderDesc`, `alt_image1`, `alt_image2`, `alt_image3`, `alt_image4`, `ProductMainCategoryID`, `ProductMainCategoryName`, `ProductAltCategoryID`, `ProductAltCategoryName`, `ProductStock`, `minimumNumber`, `ProductSEO`, `ProductMetaTitle`, `ProductMetaDesc`, `ProductMetaWord`, `SKU`, `UPC`, `EAN`, `JAN`, `ISBN`, `MPN`, `taxClass`, `dropStock`, `shipNecessity`, `productLength`, `productWidth`, `productHeight`, `productDeci`, `productWeight`, `unitofLength`, `unitofWeight`, `condition`, `isActive`, `isDeleted`, `brandsID`, `optionID`, `optionsID`) VALUES
(1, 'TOFAŞ EV SAHİBİ TARAFTAR FORMASI', 'brand1', '', '18160088', 89, 'Urün Açıklaması: Bu alanda ürüne ait açıklamalar, ürün özellikleri ve genel kullanım alanları hakkında kısa bilgiler yazılabilir..\r\n', 'assets/images/product/1-1.PNG', 'assets/images/product/1.PNG', 'red', 0, '', 'assets/images/product/1.PNG', 'assets/images/product/10.PNG', 'assets/images/product/1.PNG', 'assets/images/product/1.PNG', 2, 'GİYİM', 2, 'ÇORAP', 12, 0, '', '122', '0', '0', 0, 0, 0, 0, 0, 0, 'Yok', 0, 0, 0, 0, 0, 0, 0, 'Centimeter', 'Kilogram', 0, 1, 0, 0, 1, 17),
(2, '\r\nTOFAŞ KOLEJ MONT', 'brand1', '', '18159987', 119, 'Ürün Açıklaması: Bu alanda ürüne ait açıklamalar, ürün özellikleri ve genel kullanım alanları hakkında kısa bilgiler yazılabilir..\r\n', 'assets/images/product/2.PNG', 'assets/images/product/2.PNG', 'blue', 0, '', 'assets/images/product/1.PNG', 'assets/images/product/2.PNG', 'assets/images/product/2.PNG', 'assets/images/product/2.PNG', 2, 'GİYİM', 2, 'ÇORAP', 6, 0, '', '0', '0', '0', 0, 0, 0, 0, 0, 0, '', 0, 0, 0, 0, 0, 0, 0, '', '', 0, 1, 0, 0, 2, 0),
(3, 'TOFAŞ POLO YAKA TSHIRT LACİVERT\r\n', 'brand3', '', '18159886', 69, 'Ürün Açıklaması: Bu alanda ürüne ait açıklamalar, ürün özellikleri ve genel kullanım alanları hakkında kısa bilgiler yazılabilir..\r\n', 'assets/images/product/3.PNG', 'assets/images/product/3.PNG', 'yellow', 0, '', 'assets/images/product/3.PNG', 'assets/images/product/3.PNG', 'assets/images/product/3.PNG', 'assets/images/product/3.PNG', 2, '', 2, '', 2, 0, '', '0', '0', '0', 12, 13, 14, 15, 16, 17, 'KDV(%18)', 100, 10, 20, 10, 30, 0, 200, 'Millimeter', 'Kilogram', 0, 1, 0, 0, 0, 0),
(4, 'TOFAŞ POLO YAKA TSHIRT YEŞİL\r\n', 'brand4', '', '18159785', 69, 'Ürün Açıklaması: Bu alanda ürüne ait açıklamalar, ürün özellikleri ve genel kullanım alanları hakkında kısa bilgiler yazılabilir..\r\n', 'assets/images/product/4.PNG', 'assets/images/product/4.PNG', 'green', 0, '', 'assets/images/product/4.PNG', 'assets/images/product/4.PNG', 'assets/images/product/4.PNG', 'assets/images/product/4.PNG', 2, '', 2, '', 2, 0, '', '0', '0', '0', 0, 0, 0, 0, 0, 0, 'Yok', 0, 0, 0, 0, 0, 0, 0, 'Centimeter', 'Kilogram', 0, 1, 0, 0, 0, 0),
(5, 'TOFAŞ ŞAPKA LACİVERT LACİVERT\r\n', 'brand5', '', '181636124', 29, 'Ürün Açıklaması: Bu alanda ürüne ait açıklamalar, ürün özellikleri ve genel kullanım alanları hakkında kısa bilgiler yazılabilir..\r\n', 'assets/images/product/5.PNG', 'assets/images/product/5.PNG', 'red', 0, '', 'assets/images/product/5.PNG', 'assets/images/product/5.PNG', 'assets/images/product/5.PNG', 'assets/images/product/5.PNG', 2, '', 2, '', 2, 0, '', '0', '0', '0', 12, 12, 12, 12, 31, 12, 'Yok', 2, 12, 31, 12, 21, 0, 12, 'Millimeter', 'Gram', 0, 1, 0, 0, 0, 0),
(6, 'ALL STAR ASYA KARMASI FORMASI\r\n', 'brand6', '', '21474847', 69, 'Ürün Açıklaması: Bu alanda ürüne ait açıklamalar, ürün özellikleri ve genel kullanım alanları hakkında kısa bilgiler yazılabilir..\r\n', 'assets/images/product/6-6.PNG', 'assets/images/product/6.PNG', '', 0, '', 'assets/images/product/6.PNG', 'assets/images/product/6.PNG', 'assets/images/product/6.PNG', 'assets/images/product/6.PNG', 3, '', 0, '', 2, 0, '', '0', '0', '0', 0, 0, 0, 0, 0, 0, 'Yok', 0, 0, 0, 0, 0, 0, 0, 'Centimeter', 'Kilogram', 0, 1, 0, 0, 0, 0),
(7, 'ALL STAR ASYA ŞAPKA\r\n\r\n', 'brand7', '', '10171510', 69, 'Ürün Açıklaması: Bu alanda ürüne ait açıklamalar, ürün özellikleri ve genel kullanım alanları hakkında kısa bilgiler yazılabilir..\r\n', 'assets/images/product/7.PNG', 'assets/images/product/7.PNG', '', 0, '', 'assets/images/product/7.PNG', 'assets/images/product/7.PNG', 'assets/images/product/7.PNG', 'assets/images/product/7.PNG', 3, '', 0, '', 2, 0, '', '0', '0', '0', 0, 0, 0, 0, 0, 0, 'Yok', 0, 0, 0, 0, 0, 0, 0, 'Centimeter', 'Kilogram', 0, 1, 0, 0, 0, 0),
(8, 'ALL STAR ATKI\r\n\r\n', 'brand8', '', '101710', 69, 'Ürün Açıklaması: Bu alanda ürüne ait açıklamalar, ürün özellikleri ve genel kullanım alanları hakkında kısa bilgiler yazılabilir..\r\n', 'assets/images/product/8.PNG', 'assets/images/product/8.PNG', '', 0, '', 'assets/images/product/8.PNG', 'assets/images/product/8.PNG', 'assets/images/product/8.PNG', 'assets/images/product/8.PNG', 3, '', 0, '', 2, 0, '', '0', '0', '0', 0, 0, 0, 0, 0, 0, 'Yok', 0, 0, 0, 0, 0, 0, 0, 'Centimeter', 'Kilogram', 0, 1, 0, 0, 0, 0),
(9, '\r\nALL STAR ASYA KARMASI FORMASI\r\n', 'brand9', '', '101715', 69, 'Ürün Açıklaması: Bu alanda ürüne ait açıklamalar, ürün özellikleri ve genel kullanım alanları hakkında kısa bilgiler yazılabilir..\r\n', 'assets/images/product/9-9.PNG', 'assets/images/product/9.PNG', '', 0, '', 'assets/images/product/9.PNG', 'assets/images/product/9.PNG', 'assets/images/product/9.PNG', 'assets/images/product/9.PNG', 3, '', 0, '', 2, 0, '', '0', '0', '0', 0, 0, 0, 0, 0, 0, 'Yok', 0, 0, 0, 0, 0, 0, 0, 'Centimeter', 'Kilogram', 0, 1, 0, 0, 0, 0),
(10, 'ALL STAR AVRUPA ŞAPKA\r\n\r\n', 'brand10', '', '1010934', 69, 'Ürün Açıklaması: Bu alanda ürüne ait açıklamalar, ürün özellikleri ve genel kullanım alanları hakkında kısa bilgiler yazılabilir..\r\n', 'assets/images/product/10.PNG', 'assets/images/product/10.PNG', '', 0, '', 'assets/images/product/10.PNG', 'assets/images/product/10.PNG', 'assets/images/product/10.PNG', 'assets/images/product/10.PNG', 3, '', 0, '', 0, 0, '', '0', '0', '0', 0, 0, 0, 0, 0, 0, 'Yok', 0, 0, 0, 0, 0, 0, 0, 'Centimeter', 'Kilogram', 0, 1, 0, 0, 0, 0);

-- --------------------------------------------------------

--
-- Tablo için tablo yapısı `productsoptions`
--

CREATE TABLE `productsoptions` (
  `id` int(11) NOT NULL,
  `productsID` int(11) NOT NULL,
  `optionsID` int(11) NOT NULL,
  `optionsValuesID` int(11) NOT NULL,
  `isActive` tinyint(1) NOT NULL DEFAULT '1',
  `isDeleted` tinyint(1) NOT NULL DEFAULT '0'
) ENGINE=MyISAM DEFAULT CHARSET=utf8;

--
-- Tablo döküm verisi `productsoptions`
--

INSERT INTO `productsoptions` (`id`, `productsID`, `optionsID`, `optionsValuesID`, `isActive`, `isDeleted`) VALUES
(1, 1, 2, 2, 1, 0),
(2, 2, 2, 3, 1, 0),
(3, 2, 2, 83, 1, 0),
(4, 2, 2, 7, 1, 0),
(5, 1, 1, 110, 1, 0),
(6, 2, 2, 111, 1, 0);

-- --------------------------------------------------------

--
-- Tablo için tablo yapısı `product_test`
--

CREATE TABLE `product_test` (
  `product_id` int(20) NOT NULL,
  `product_name` varchar(120) NOT NULL,
  `product_brand` varchar(100) NOT NULL,
  `product_price` decimal(8,2) NOT NULL,
  `product_ram` char(5) NOT NULL,
  `product_storage` varchar(50) NOT NULL,
  `product_camera` varchar(20) NOT NULL,
  `product_image` varchar(100) NOT NULL,
  `product_quantity` mediumint(5) NOT NULL,
  `product_status` enum('0','1') NOT NULL COMMENT '0-active,1-inactive'
) ENGINE=MyISAM DEFAULT CHARSET=utf8;

--
-- Tablo döküm verisi `product_test`
--

INSERT INTO `product_test` (`product_id`, `product_name`, `product_brand`, `product_price`, `product_ram`, `product_storage`, `product_camera`, `product_image`, `product_quantity`, `product_status`) VALUES
(1, 'Honor 9 Lite (Sapphire Blue, 64 GB)  (4 GB RAM)', 'Honor', '14499.00', '4', '64', '13', 'image-1.jpeg', 10, '1'),
(2, '\r\nInfinix Hot S3 (Sandstone Black, 32 GB)  (3 GB RAM)', 'Infinix', '8999.00', '3', '32', '13', 'image-2.jpeg', 10, '1'),
(3, 'VIVO V9 Youth (Gold, 32 GB)  (4 GB RAM)', 'VIVO', '16990.00', '4', '32', '16', 'image-3.jpeg', 10, '1'),
(4, 'Moto E4 Plus (Fine Gold, 32 GB)  (3 GB RAM)', 'Moto', '11499.00', '3', '32', '8', 'image-4.jpeg', 10, '1'),
(5, 'Lenovo K8 Plus (Venom Black, 32 GB)  (3 GB RAM)', 'Lenevo', '9999.00', '3', '32', '13', 'image-5.jpg', 10, '1'),
(6, 'Samsung Galaxy On Nxt (Gold, 16 GB)  (3 GB RAM)', 'Samsung', '10990.00', '3', '16', '13', 'image-6.jpeg', 10, '1'),
(7, 'Moto C Plus (Pearl White, 16 GB)  (2 GB RAM)', 'Moto', '7799.00', '2', '16', '8', 'image-7.jpeg', 10, '1'),
(8, 'Panasonic P77 (White, 16 GB)  (1 GB RAM)', 'Panasonic', '5999.00', '1', '16', '8', 'image-8.jpeg', 10, '1'),
(9, 'OPPO F5 (Black, 64 GB)  (6 GB RAM)', 'OPPO', '19990.00', '6', '64', '16', 'image-9.jpeg', 10, '1'),
(10, 'Honor 7A (Gold, 32 GB)  (3 GB RAM)', 'Honor', '8999.00', '3', '32', '13', 'image-10.jpeg', 10, '1'),
(11, 'Asus ZenFone 5Z (Midnight Blue, 64 GB)  (6 GB RAM)', 'Asus', '29999.00', '6', '128', '12', 'image-12.jpeg', 10, '1'),
(12, 'Redmi 5A (Gold, 32 GB)  (3 GB RAM)', 'MI', '5999.00', '3', '32', '13', 'image-12.jpeg', 10, '1'),
(13, 'Intex Indie 5 (Black, 16 GB)  (2 GB RAM)', 'Intex', '4999.00', '2', '16', '8', 'image-13.jpeg', 10, '1'),
(14, 'Google Pixel 2 XL (18:9 Display, 64 GB) White', 'Google', '61990.00', '4', '64', '12', 'image-14.jpeg', 10, '1');

-- --------------------------------------------------------

--
-- Tablo için tablo yapısı `sabitsayfalar`
--

CREATE TABLE `sabitsayfalar` (
  `id` int(11) NOT NULL,
  `hakkimizda` text NOT NULL,
  `visyonmizyon` text NOT NULL,
  `sosyalsorumluluk` text NOT NULL,
  `teslimatkosullari` text NOT NULL,
  `uyeliksozlesmesi` text NOT NULL,
  `satissozlesmesi` text NOT NULL,
  `garantiveiade` text NOT NULL,
  `gizlilikveguvenlik` text NOT NULL,
  `odemeveteslimat` text NOT NULL
) ENGINE=MyISAM DEFAULT CHARSET=utf8;

--
-- Tablo döküm verisi `sabitsayfalar`
--

INSERT INTO `sabitsayfalar` (`id`, `hakkimizda`, `visyonmizyon`, `sosyalsorumluluk`, `teslimatkosullari`, `uyeliksozlesmesi`, `satissozlesmesi`, `garantiveiade`, `gizlilikveguvenlik`, `odemeveteslimat`) VALUES
(1, 'Spor Ürünleri tedariği sektöründe 16 yıllık deneyimin ardından oluşan tecrübemizi 2010 yılında kurduğumuz Prosport Spor Ürünleri ve Promosyon Tic. Ltd. Şti. çatısı altında; Kaliteli ürün, reel fiyatlandırma ve müşteri memnuniyeti ilkelerini ön planda tutarak alanımızda öncü firmalar arasında yer alma hedefimizle sektördeki yolculuğumuza devam etmekteyiz.<br>\r\nTamamı yerli sermayeli ve yerli üretim olan koleksiyonumuzu 2013 yılından itibaren ürünlerimizdeki kalite GÜCümüzden* oluşan güven ile Müşterilerimizin memnuniyetini KAZANMAK* amacıyla oluşturduğumuz “DAFRON” markası altında Spor Sektörünün yerli ve yabancı tüm bileşenlerinin beğenisine sunuyoruz.<br>\r\nBütünüyle kendi bünyemizde yer alan modelistlerimiz tarafından oluşturulan özgün tasarımlardan oluşan koleksiyonumuzun yanı sıra Müşterilerimizden gelen özel tasarım ürünlerin imalatını da sağlamaktayız.<br>\r\n2017 yılı itibari ile sektörümüzdeki yerimize olan güvenimiz ile yatırımlarını hızla arttıran Şirketimiz, Tekstil piyasasının İstanbul’daki kalbi Merter’de, 1.700 m2’lik müstakil yerleşkesinde oluşturduğu hizmet merkezi ile çalışmalarına devam etmektedir. Yerleşkemizde karşılama bölümü olarak alanında öncü Türk Mimarlar tarafından hızla gelişen sektörümüzün ihtiyaçları ve talepleri düşünülerek çizimi gerçekleştirilen 200 m2’lik “Showroom” alanımız, Türkiye standartlarının oldukça üzerindeki tasarımı ile müşterilerimize hizmet vermektedir.<br>\r\nÜrünlerimizin üretiminde hızla gelişen sektörel hammadde ağını sürekli takip ederek üst seviye kalite ve kullanım kolaylığı sunan kumaş ve aksesuarların kullanılması öncelikle prensiplerimizdendir. 2017 yılında sektörümüzün beğenisine sunulan yeni koleksiyonumuzda bu prensibimiz doğrultusunda hazırlandı.<br>\r\nDAFRON olarak çok genç bir yapılanma olmamıza rağmen kısa süre içerisinde öncelikle kalitemizden kaynaklanan beğenilerin getirisi olarak kısa süre içerisinde yerli sektörde öncü firmalar arasına girmiş olmamızın yanı sıra şu an için üretimimizin %22’sini kapsayan İhracatımız konusunda da Ülkemizi birçok ülkede başarı ile temsil etmekteyiz.<br>\r\nYeni koleksiyonumuz ve ülkemizin Tekstil konusundaki öncülüğünün verdiği güven ile bu alandaki yatılımlarımızı 2017 yılında arttırarak kapasitemizin en az %50’lik kısmını İhracata ayırma hedefimiz doğrultusunda yatırımlarımız devam etmektedir.<br>\r\nSürekli gelişen sektörel teknolojileri takip ederek üretim aşamalarında uygulamaya özen gösteren “DAFRON”, 44 personel kapasiteli 3000 m2’lik partner üretim tesislerinin yanı sıra termin sürelerindeki memnuniyeti sağlamak amacıyla çalıştığı atölyelerin seçimi konusunda da hassasiyetle “kaliteden ödün vermeme” ilkesiyle yoluna devam etmektedir.<br>\r\nSektörümüzün Dünya çapında isim yapmış, önde gelen markaları ile eş zamanlı olarak tamamı “Dijital Baskı” ürünlerin üretimi alanında gelişimini tamamlayan DAFRON, özellikle Forma konusunda günlük 600 adet üretim bandında devam eden tedariği ile bu konuda Türkiye’de öncü olma özelliğini korumaktadır. Geniş desen ağımızın yanı sıra müşterilerimizden gelen her türlü desen ile Dijital Forma üretimi gerçekleştiren DAFRON, yeni koleksiyonu içerisinde de Dijital Baskılı ürünlere yer vermiştir.<br>\r\nİhracat alanındaki atılım hedefimizle bağlantılı olarak yapılanmasını sürdüren DAFRON, İnternet Sitesi ve Sosyal Medya çalışmalarını bu hedefle uyum içerisinde güncelleyerek, 22 kişilik genç ve sektörde deneyimli kadrosu ve “Üst Düzey Kaliteyi Gerçek Fiyatlandırma” prensibi ile sektörde hızla büyüyerek kısa zaman içerisinde yurtdışı piyasalarında da adını ezberletecektir.<br>\r\nİç piyasadaki paydaşlarımızla karşılıklı güven ve hizmet kalitesi doğrultusunda oluşturduğumuz Bayii ağımızı koruyarak, Markamızın gelişimi ile doğru orantılı olarak büyümesini sağlamanında temel görevlerimizden olduğunun bilinci ile hizmetlerimize gururla devam ediyoruz…<br>\r\n*Latince kökenli kelimeler içerisinde “DAF” gücü, “RON” ise kazanmayı temsil etmektedir.\r\n', '    <b>MİSYON</b> <br>\r\n            Misyonumuz, hizmetlerimizi zamanında ve müşteri memnuniyetini sağlayarak yapmak anlayışına dayanır. Değişimlere ayak uyduran, gelişen teknolojiyi takip eden, sektörel yeniliklere ayak uyduran, kalıcı olmayı ve sürekli büyümeyi hedefleyen şirketimiz, güvenilir faaliyet ve müşteri odaklı hizmet anlayışına sahiptir.<br>\r\n           <b>VİZYON</b>   <br>\r\n            Kendimize, uluslararası kalite standartları çerçevesinde, verimlilik, bilgi birikim ve yüksek teknoloji kullanımı ile rekabet avantajı yaratırken, kurumsallaşmış ve finansal açıdan güçlü bir yapı ile kendimizi Kırıkkale pazarında hizmet sunmaya adadık.\r\n           ', ' \r\n        <b>TESLİMAT KOŞULLARI</b> <br>\r\n            Ödeme Opsiyonları<br>\r\n            \r\n            Kredi Kartı<br>\r\n            Dafron.com‘da tüm Mastercard ve Visa kredi kartlarınızla alışveriş yapabilirsiniz.<br>\r\n            Kapıda Ödeme<br>\r\n            Dafron.com‘dan verdiğiniz siparişlerde teslimat sırasında ödeme imkanınız da vardır. Kredi kartı ve nakit olarak alışverişlerinizde kapıda ödeme yapabilirsiniz. Kapıda ödemelerde kargo şirketi +5,90 TL tahsilat ücreti almaktadır. Yurtdışı siparişlerine kapıda ödeme seçeneği ile ürün gönderilmektedir.<br>\r\n            \r\n            Havale / EFT<br>\r\n            Havale ile yaptığınız alışverişlerde, teslimat süresinin başlangıcı, siparişi verdiğiniz zaman değil sipariş tutarının havale ile hesaplarımıza geçtiği andır.<br>\r\n            3 iş günü içinde hesaba geçmeyen havale siparişleri geçersiz sayılmaktadır.<br>\r\n            Havale veya EFT ile yapılan alışverişlerde havale dekontunun 0534 363 11 22 no\'lu Whatsapp hattımıza gönderilmesi sipariş sürecini hızlandıracaktır.<br> \r\n            \r\n            Anlaşmalı olduğumuz kargo şirketleri<br>\r\n            Yurtiçi siparişleri içim anlaşmalı olduğumuz kargo şirketi MNG Kargo\'dur.<br>\r\n            Yurtdışı siparişleri için anlaşmalı olduğumuz kargo şirketi UPS\'dir.<br>\r\n            \r\n            Kredi Kartı Provizyon Aksaklıkları<br>\r\n            Siparişiniz sırasında kredi kartınız farklı nedenlerden ötürü onaylanamayabilir: <br>\r\n            Bu nedenler arasında başlıcaları;<br>\r\n            Kredi kartınızın kullanılabilir limitinin yetersiz olması,<br>\r\n            2. Kart numarasını hatalı girmeniz,<br>\r\n            3. Kartınızın son kullanma tarihinin geçmiş olması, <br>\r\n            4. Kullandığınız kart bir ek kart ise, ana kart sahibi tarafından iptal edilmiş olması, <br>\r\n            5. Onay işlemi sırasında geçici bağlantı sorunları yaşanması, <br>\r\n            6. Kayıp ihbarı yaptığınız bir kartı yeniden kullanmaya çalışmanız, <br>\r\n            7. Kullanmaya çalıştığınız kartın bir kredi kartı değil, ATM kartı olması \r\n            sayılabilir.<br>\r\n            Kredi kartı onay sorunlarınızda yardım almak için kartı aldığınız banka ile görüşmeniz gerekmektedir.<br>\r\n            Üye Olmanın Avantajları<br>\r\n            Satın aldığınız bir ürünün teslimatı için sizden istenen kimlik bilgileri, teslimat adresleri, irtibat numaraları vb. bilgileri her defasında yeniden yazmak zorunda kalmazsınız. Üye olurken bir defaya mahsus verdiğiniz bu bilgiler her alışverişinizde otomatik olarak yerini alır. Ayrıca bu bilgileri istediğiniz zaman güncelleyebilirsiniz. Her alışverişinizde bu bilgilerin otomatik olarak görüntülenmesi size hem zaman kazandırır hem de kolaylık sağlar.<br>\r\n            Dafron.com kapsamında düzenlenecek promosyonlardan, kampanyalardan ve indirimlerden ilk siz haberdar olacaksınız. Ayrıca her siparişinizde puan kazanacak, bir sonraki siparişinizde bu puanları kullanabileceksiniz.<br>\r\n            Tavsiye Et<br>\r\n            \"Tavsiye Et\" fonksiyonu sayesinde, satın almadığınız ancak arkadaşlarınızın ilgisini çekeceğini düşündüğünüz bir ürünü kolaylıkla onlara tavsiye edebilirsiniz.<br>\r\n            Alışveriş Sepetiniz<br>\r\n            Dafron.com‘da yaptığınız alışveriş sırasında seçtiğiniz ürünleri sakladığınız bölümdür. Alınan ürünlere ve ödemelere ilişkin tüm bilgiler ödeme aşamasında topluca değerlendirilmek üzere buraya kaydedilir.<br>\r\n            \r\n             <b>SİPARİŞ & TESLİMAT ŞARTLARI</b> <br>\r\n            Siparişim elime ne zaman ulaşır?<br>\r\n            Kargo teslimat süresi ürüne göre değişiklik gösterebilmektedir. Bazı özel tasarım ürünlerimizin hazırlanması ve yüzük ölçülerinin ayarlanması gibi unsurlar kargo süresini etkilemektedir. Bu nedenle ürün açıklamalarındaki teslimat sürelerini dikkatlice okumanızı tavsiye ederiz.<br>\r\n            \r\n            Özel Sipariş<br>\r\n            Firmamız, stokta sürekli bulunmayan ve özel sipariş ibaresi bulunan ürünleri, müşterinin verdiği siparişe istinaden kişiye özel olarak ürettirmektedir. Bu ürünlerin teslim süresi 4-7 iş günü içerisindedir. dafron.com bu süre içerisinde oluşan fiyat değişikliklerini müşteriye yansıtmayacağını garanti eder.<br>\r\n            \r\n            Stokta Bulunmayan Ürünler<br>\r\n            Verdiğiniz siparişlerde, stoklarımızda bulunduğunu belirttiğimiz halde herhangi bir sebepten dolayı stokta bulunmayan ürünler yüzünden gecikmeler yaşanabilir. Bu gibi durumlarda çağrı merkezimiz tarafından size ulaşılarak haber verilecektir. Size ulaşabilmemiz için lütfen kişisel bilgilerinizi eksiksiz doldurunuz. Teslimatla ilgili yaşanabilecek gecikmeler tarafınıza bildirilecek ve kabul etmeniz halinde siparişiniz onaylanacaktır. Gecikme halini kabul etmemeniz durumunda, alınan ürün bedelinin tamamı hesabınıza iade edilecektir.<br>\r\n            \r\n            Adres Bilgileri<br>\r\n            Siparişinizin size en çabuk şekilde ulaşması için lütfen adres bilgilerinizi mümkün olduğu kadar açık yazınız.<br>\r\n            \r\n            Hatalı / Eksik Siparişler<br>\r\n            Kargodan teslim aldığınız paketi kargo görevlisinin yanında açıp, siparişinizi kontrol ediniz. Herhangi bir yanlışlık veya eksiklik gördüğünüz takdirde, derhal bizimle irtibata geçiniz. Paketi açılmış veya hasar görmüş kargoları, kargo yetkilisiyle rapor edip, derhal bizimle irtibata geçiniz.<br>\r\n            \r\n            Kargo Ücreti<br>\r\n            İnternet sitemizden yapılan ve teslimatı yurtiçine yapılacak bütün alışverişlerde kargo ücretsizdir. Ürün bedeli dışında hiçbir ücret ödemezsiniz.<br>\r\n            \r\n            Yurtdışına Teslimat<br>\r\n            Dafron olarak dünyanın dört bir yanına teslimat yapabilmekteyiz. Yurtdışından sipariş vermek isteyen müşterilerimiz alışverişlerini Dafron.com üzerinden yapabilirler.<br>\r\n            Dafron.com üzerinden yurtdışına gönderilen teslimatların bölgelere göre farklı kargo ücretlendirmesi vardır.<br>\r\n            1.bölge kargo ücreti 65 ₺<br>\r\n            2.bölge kargo ücreti 100 ₺<br>\r\n            3.bölge kargo ücreti 130 ₺’dir.<br>\r\n            Ülkeler ve bölgeler hakkında detaylı bilgi almak için Ülkelere Göre Kargo Fiyatları sayfamızı ziyaret edebilirsiniz.<br>\r\n            *Yurtdışı siparişlerde iade ya da değişim yapılmamaktadır. İsteyen müşterilerimize sipariş öncesi ürün görselleri detaylı olarak ulaştırılmaktadır.<br>\r\n            *Yurtdışı siparişleriniz anlaşmalı olduğumuz UPS kargo ile gönderilmektedir.<br>\r\n            *Yurt dışı siparişlerde kapıda ödeme seçeneği bulunmamaktadır.<br>\r\n            *Yurt dışı kargo ücretleri paket ağırlığı 0,5 kg’a kadar olan gönderiler için geçerlidir. Daha farklı gönderileriniz için çağrı merkezimizden detaylı bilgi alabilirsiniz.<br>\r\n            *Kanvas Tablolar kargo maliyetnden dolayı yurtdışına gönderilememektedir.<br>\r\n            *Yurtdışı siparişleri her hafta çarşamba günü kargoya verilmekte, ürünün müşteriye ulaşması bölgesine göre 3-7 günü bulabilmektedir.<br>\r\n            Kuzey Kıbrıs Türk Cumhuriyetine Teslimat<br>\r\n            KKTC\'de yaşayan müşterilerimiz de siparişlerini Dafron.com internet sitesi üzerinden oluşturmaları gerekmektedir.<br>', '', '<b>ÜYELİK VE KULLANIM ŞARTLARI</b> <br>\r\nSitenin genel kullanım şartları, bununla ilgili genel kurallar ve yasal sorumluluklar<br>\r\n\r\nAşağıda belirtilen şartlar, kurallar ve yasal sorumlulukları içeren Kullanıcı Sözleşmesi’nin dafron.com kullanılmadan önce okunması tavsiye edilir.<br>\r\nBelirtilen şartların sizin için uygun olmaması halinde lütfen dafron.com sitesini kullanmayınız. Siteyi kullanarak ve kişisel bilgilerinizin yer alacağı formu doldurarak bu sayfalarda yazılı şartları kabul etmiş sayılmaktasınız. <br>\r\n\r\n\r\n1. Kullanım ve Güvenlik Kuralları <br>\r\ndafron.com tüm üyelerine açıktır. Site üzerinde verilen hizmetler aksi belirtilmedikçe, ücretsizdir. <br>\r\n\r\nAşağıdaki yazılı durumlarda, site yönetimi üyenin site kullanımını engelleyebilir ve aşağıdaki girişimlere karışan kişi veya kişiler hakkında kanuni haklarını saklı tutar:<br>\r\n\r\n1.a. Yanlış, düzensiz, eksik ve yanıltıcı bilgiler, genel ahlak kurallarına uygun olmayan ifadeler içeren ve Türkiye Cumhuriyeti yasalarıyla ters düşen bilgilerin siteye kaydedilmesi<br>\r\n\r\n1.b. Site içeriğinin izinsiz olarak kısmen veya tümüyle kopyalanması<br>\r\n\r\n1.c. Kullanıcılara verilen ya da kendi belirledikleri kullanıcı adı, şifre gibi bilgilerin, kullanım haklarının, üçüncü kişi ya da kuruluşlarla paylaşılmasından (bu bilgilerin kullanıcı dışındaki kişiler tarafından kullanılmasından) kaynaklanacak her türlü zarardan doğrudan Kullanıcı sorumludur. Aynı şekilde Kullanıcı, Internet ortamında bir başkasına ait IP adresi, elektronik posta adresi, kullanıcı adı gibi kişisel bilgileri kullanamayacağı gibi diğer kullanıcıların özel bilgilerine de izinsiz olarak ulaşamaz veya bunları kullanamaz. Kullanıcı bu şekilde bir kullanımdan dolayı doğabilecek her türlü hukuki ve cezai yükümlülüğü kabul etmiş sayılmaktadır.<br>\r\n\r\n1.d. Sitenin güvenliğini tehdit edecek, sitenin ve kullanılan yazılımların çalışmasını engelleyecek yazılımların kullanılması, faaliyetlerin yapılması, yapılmaya çalışılması ve bilgilerin alınması, silinmesi, değiştirilmesi<br>\r\n\r\n2. İçerik Kullanımı<br>\r\n\r\n\r\n\r\n3. Sorumluluklar<br>\r\n\r\n3a. dafron.com’u ziyaret eden kullanıcıların bilgileri (ziyaret süresi, zamanı, görüntülenen sayfalar) onlara daha iyi hizmet edebilmek amacı ile takip edilmektedir. Bu bilgiler, gizlilik şartlarına bağlı kalınarak, içeriği genişletmek ve iyileştirmek amacı ile reklam vb. konularda işbirliği yaptığımız firmalarla paylaşılmaktadır. Buradaki amaç, sitenin kullanıcılarına sunduğu deneyimi geliştirmek ve dafron.com’u geliştirmektir.<br>\r\n\r\n3.b. dafron.com kullanıcısı, kayıt için gerekli olan bölümleri doldurup elektronik posta adresini onayladıktan sonra işbu sözleşmede belirtilen şartlara uymak koşulu ile, elektronik posta adresini ve şifresini girerek dafron.com sitesini kullanmaya başlayabilir. <br>\r\n\r\n3.c. Kullanıcı, dafron.com sitesi ve hizmetlerinden yararlanırken, Türk Ceza Kanunu, Türk Ticaret Kanunu, Fikir ve Sanat Eserleri Kanunu, Marka ve Patent Haklarının Korunması ile ilgili Kanun Hükmünde Kararnameler ve yasal düzenlemeler, Borçlar Yasası, diğer ilgili mevzuat hükümleri ile dafron.com\'un hizmetlerine ilişkin olarak yayımlayacağı her türlü duyuru ve bildirimlere uymayı kabul eder. Bu bildirimlere ve yasalara aykırı kullanım sebebiyle doğabilecek hukuki, cezai ve mali her türlü sorumluluk Kullanıcıya aittir.<br>\r\n\r\n3.d. Kullanıcının işbu sözleşmede belirtilen yükümlülüklere veya dafron.com sitesinde bildirilen genel kurallara uymamasının tespiti halinde, Kullanıcının dafron.com’dan yararlanması dafron.com tarafından süreli veya süresiz olarak engellenebilir ve/veya hesabı kapatılabilir.<br>\r\n\r\n3.e. Kullanıcı, diğer kullanıcıların ve ziyaretçilerin dafron.com’u kullanmasını önleyici veya zorlaştırıcı hareketlerde bulunamaz, sunucuları ya da veritabanlarını otomatik programlar yükleyip zorlayamaz/kilitleyemez. Hile girişimlerinde bulunamaz. Bulunması halinde üyeliğinin sonlandırılacağını ve durumdan doğabilecek her türlü hukuki, cezai sorumluluğu kabul eder.<br>\r\n\r\n\r\n3.g. Kullanıcı , dafron.com’dan kopyalanmış veya yazıcı ile yazdırılmış hiçbir materyal üzerinden Telif Hakkı, Ticari Marka ve her türlü Fikir ve Sanat Eserleri Kanunu kapsamı notlarını silemez veya çıkartamaz. <br>\r\n\r\n3.h. Üyelik iptali ve hesap silme işlemi, kullanıcı tarafından dafron.com üzerinden yapılabilir. Üyeliğini bitiren kullanıcının siteye giriş yetkisi iptal edilecektir. Üyeliğini iptal eden kişi bu işlemin geri dönüşü olmadığını kabul eder.<br>\r\n\r\n\r\n3.j. Site kullanıcılarının birbirleri ya da üçüncü şahıslarla olan ilişkileri kişilerin sorumluluğundadır.<br>\r\n\r\n3.m. Sitenin belirli yerlerinde o bölüme özel farklı kurallar ve yükümlülükler belirtilebilir. Bu bölümleri kullanan kişi ve kuruluşlar peşinen belirtilen bu kuralları kabul etmiş sayılır.<br>\r\n\r\n3.n. Kullanıcılarımızın kişisel bilgilerini ve gizliliklerini korumak için aldığımız önlemler ve bu konudaki genel politikamızı okumak için, lütfen “Gizlilik Politikası” bölümünü okuyunuz.<br>\r\n\r\n3.o Kullanıcı site üzerinden yapacağı alışverişlerde kullanacağı ödeme bilgilerinin (kredi kartı, GSM numarası bilgileri v.b.) doğru olduğunu, bunlardan kaynaklanan hukuki ve cezai sorumlulukların kendisine ait olduğunu kabul ve taahüt eder. <br>\r\n\r\n\r\n\r\n7. Tebligat Adresleri<br>\r\n\r\n7.a. dafron.com sitesi kullanıcılarından peşinen posta adreslerini istememektedir. Ancak kullanıcının dafron.com\'a bildirdiği elektronik posta adresi, bu sözleşme ile ilgili olarak yapılacak her türlü bildirim için yasal adresin isteneceği elektronik posta olarak kabul edilir.<br>\r\n\r\n7.b. Taraflar, mevcut elektronik postalarındaki değişiklikleri yazılı olarak diğer tarafa 3 (üç) gün içinde bildirmedikçe, eski elektronik postalara yapılacak isteklerin geçerli olacağını ve kendilerine yapılmış sayılacağını kabul ederler.<br>\r\n\r\n7.c. Yine dafron.com’un kullanıcının kayıtlı elektronik posta adresini kullanarak yapacağı her türlü bildirimin elektronik postanın dafron.com tarafından yollanmasından 1 (bir) gün sonra kullanıcıya ulaştığı kabul edilecektir. Kullanıcı, bu katılım sözleşmesinde yer alan maddelerin tümünü okuduğunu, anladığını, kabul ettiğini ve kendisiyle ilgili olarak verdiği bilgilerin doğruluğunu onayladığını beyan, kabul ve taahhüt eder.<br>', '  <b>SATIŞ SÖZLEŞMESİ</b> <br>\r\n\r\n            MADDE 1- TARAFLAR<br>\r\n            1.1- SATICI <br>\r\n            Ünvanı : Prosport Spor Ürünleri ve Promosyon Tic. Ltd. Şti.<br>\r\n            Telefon : 0 (212) 221 10 12<br>\r\n            Adres: Mehmet Nesih Özmen Mh. Şimşir Sk. No:15/B Güngören/Istanbul/TÜRKİYE<br>\r\n            \r\n            1.2 -ALICI <br>\r\n            Adı/soyadı/Ünvanı :<br>\r\n            \r\n            Adresi :<br>\r\n            \r\n            Telefon :<br>\r\n            \r\n            E-mail :<br>\r\n            \r\n            MADDE 2- KONU<br>\r\n            \r\n            \r\n            İşbu sözleşmenin konusu, ALICI\'nın SATICI\'ya ait www.dafron.com alan adlı internet sitesinden elektronik ortamda siparişini yaptığı aşağıda nitelikleri ve satış fiyatı belirtilen ürünün satışı ve teslimi ile ilgili olarak 4077 sayılı Tüketicilerin Korunması Hakkındaki Kanun ve Mesafeli Sözleşmeleri Uygulama Esas ve Usulleri Hakkında Yönetmelik hükümleri gereğince tarafların hak ve yükümlülüklerinin saptanmasıdır.<br>\r\n            \r\n            MADDE 3- SÖZLEŞME KONUSU ÜRÜN<br>\r\n            \r\n            \r\n            Ürünlerin Cinsi ve türü, Miktarı, Marka/Modeli, Rengi, Satış Bedeli yukarıda belirtildiği gibidir.<br>\r\n            Ödeme Şekli : <br>\r\n            Teslimat Adresi : <br>\r\n            Teslim Edilecek Kişi :<br>\r\n            Fatura Adresi : <br>\r\n            Kargo Ücreti :<br>\r\n            \r\n            MADDE 4- GENEL HÜKÜMLER<br>\r\n            \r\n            \r\n            4.1- ALICI, SATICI \'ya ait www.dafron.com alan adlı internet sitesinde sözleşme konusu ürünün temel nitelikleri, satış fiyatı ve ödeme şekli ile teslimata ilişkin ön bilgileri okuyup bilgi sahibi olduğunu ve elektronik ortamda gerekli teyidi verdiğini beyan eder.<br>\r\n            4.2- Sözleşme konusu ürün, yasal 30 günlük süreyi aşmamak koşulu ile her bir ürün için ALICI\'nın yerleşim yerinin uzaklığına bağlı olarak internet sitesinde ön bilgiler içinde açıklanan süre içinde ALICI veya gösterdiği adresteki kişi/kuruluşa teslim edilir.<br>\r\n            4.3- Sözleşme konusu ürün, ALICI\'dan başka bir kişi/kuruluşa teslim edilecek ise, teslim edilecek kişi/kuruluşun teslimatı kabul etmemesinden SATICI sorumlu tutulamaz.<br>\r\n            4.4- SATICI, sözleşme konusu ürünün sağlam, eksiksiz, siparişte belirtilen niteliklere uygun ve varsa garanti belgeleri ve kullanım kılavuzları ile teslim edilmesinden sorumludur.<br>\r\n            4.5- Sözleşme konusu ürünün teslimatı için işbu sözleşmenin imzalı nüshasının SATICI\'ya ulaştırılmış olması ve bedelinin ALICI\'nın tercih ettiği ödeme şekli ile ödenmiş olması şarttır. Herhangi bir nedenle ürün bedeli ödenmez veya banka kayıtlarında iptal edilir ise, SATICI ürünün teslimi yükümlülüğünden kurtulmuş kabul edilir.<br>\r\n            4.6- Ürünün tesliminden sonra ALICI\'ya ait kredi kartının ALICI\'nın kusurundan kaynaklanmayan bir şekilde yetkisiz kişilerce haksız veya hukuka aykırı olarak kullanılması nedeni ile ilgili banka veya finans kuruluşun ürün bedelini SATICI\'ya ödememesi halinde, ALICI\'nın kendisine teslim edilmiş olması kaydıyla ürünün 3 gün içinde SATICI\'ya gönderilmesi zorunludur. Bu takdirde nakliye giderleri ALICI\'ya aittir.<br>\r\n            4.7- SATICI mücbir sebepler veya nakliyeyi engelleyen hava muhalefeti, ulaşımın kesilmesi gibi olağanüstü durumlar nedeni ile sözleşme konusu ürünü süresi içinde teslim edemez ise, durumu ALICI\'ya bildirmekle yükümlüdür. Bu takdirde ALICI siparişin iptal edilmesini, sözleşme konusu ürünün varsa emsali ile değiştirilmesini, ve/veya teslimat süresinin engelleyici durumun ortadan kalkmasına kadar ertelenmesi haklarından birini kullanabilir. ALICI\'nın siparişi iptal etmesi halinde ödediği tutar 10 gün içinde kendisine nakten ve defaten ödenir.<br>\r\n            4.8- Garanti belgesi ile satılan ürünlerden olan veya olmayan ürünlerin arızalı veya bozuk olanlar, garanti şartları içinde gerekli onarımın yapılması için SATICI\'ya gönderilebilir, bu takdirde kargo giderleri SATICI tarafından karşılanacaktır. <br>\r\n            4.9- İşbu sözleşme, ALICI tarafından imzalanıp SATICI\'ya faks veya posta yolu ile ulaştırılmasından sonra geçerlilik kazanır.<br>\r\n            \r\n            MADDE 5- CAYMA HAKKI<br>\r\n            \r\n            \r\n            ALICI, sözleşme konusu ürürünün kendisine veya gösterdiği adresteki kişi/kuruluşa tesliminden itibaren 7 gün içinde cayma hakkına sahiptir. Cayma hakkının kullanılması için bu süre içinde SATICI\'ya faks, e-mail veya telefon ile bildirimde bulunulması ve ürünün 6. madde hükümleri çerçevesinde kullanılmamış olması şarttır. Bu hakkın kullanılması halinde, 3. kişiye veya ALICI\'ya teslim edilen ürünün SATICI\'ya gönderildiğine ilişkin kargo teslim tutanağı örneği ile fatura aslının iadesi zorunludur. Bu belgelerin ulaşmasını takip eden 7 gün içinde ürün bedeli ALICI\'ya iade edilir. Fatura aslı gönderilmez ise KDV ve varsa sair yasal yükümlülükler iade edilemez. Cayma hakkı nedeni ile iade edilen ürünün kargo bedeli ALICI tarafından karşılanır.<br>\r\n            \r\n            MADDE 6- CAYMA HAKKI KULLANILAMAYACAK ÜRÜNLER<br>\r\n            \r\n            \r\n            Niteliği itibarıyla iade edilemeyecek ürünler, tek kullanımlık ürünler, kopyalanabilir yazılım ve programlar, sarf malzemeleri, hızlı bozulan veya son kullanım tarihi geçen ürünler ve hizmet için cayma hakkı kullanılamaz.<br>\r\n            \r\n            MADDE 7- GENEL HÜKÜMLER<br>\r\n            \r\n            7.1- 18 yaşından küçük kişiler SATICI’dan alış-veriş yapamaz.<br>\r\n            \r\n            7.2- Dizgi ve sistem hatalarından meydana gelen fiyat yanlışlıklarından SATICI sorumlu değildir<br>\r\n            \r\n            MADDE 8- YETKİLİ MAHKEME<br>\r\n            \r\n            \r\n            İşbu sözleşmenin uygulanmasında, Sanayi ve Ticaret Bakanlığınca ilan edilen değere kadar Tüketici Hakem Heyetleri ile ALICI\'nın veya SATICI\'nın yerleşim yerindeki Tüketici Mahkemeleri yetkilidir.<br>\r\n            \r\n            Siparişin gerçekleşmesi durumunda ALICI işbu sözleşmenin tüm koşullarını kabul etmiş sayılır.<br>\r\n            \r\n            SATICI <br>\r\n            Prosport Spor Ürünleri ve Promosyon Tic. Ltd. Şti.<br>\r\n            Adres: Mehmet Nesih Özmen Mh. Şimşir Sk. No:15/B Güngören/Istanbul/TÜRKİYE<br>\r\n            \r\n            \r\n            ALICI<br>   \r\n            ', '  <span class=\"text-center\"> <b>GARANTİ VE İADE KOŞULLARI DEĞİŞİM ŞARTLARI</b> </span> <br>\r\nDeğişim hangi şartlar altında gerçekleşir?<br>\r\n\r\nFirmamızdan aldığınız kişiye özel tasarımlar (isim yazılı modeller) ve alyanslar hariç tüm ürünlerde 1 defaya mahsus değişim yapılmaktadır. Değişim nedeni üründeki bir hata ise değişimlerdeki kargo ücretleri tarafımıza aittir. Farklı bir nedenle değişim yapılacaksa kargo tarafınıza ait olacaktır. Değişim yapılabilmesi için alışverişiniz şu şartları barındırmalıdır. <br>\r\n\r\n\r\nTeslim tarihinden itibaren bir hafta içerisinde ürünü faturası ile birlikte tarafımıza göndermelisiniz. (Ürünler anlaşmalı kargo olan MNG Kargo ile gönderilmelidir. Farklı kargo şirketleri ile gönderilen ürünlerin işlemleri ücret iadesi yapılırken kesilmektedir. Üründe firmamızdan kaynaklanan bir kusur yoksa kargo ücreti müşteriye aittir.)<br>\r\nÜrünün kullanılmamış olması gerekmektedir<br>\r\nÜrünü tüm aksesuarları ile birlikte göndermelisiniz.<br>\r\nDeğişim formunu doldurmalısınız.<br>\r\nDeğişim hakkınız 1 defaya mahsustur<br>\r\n\r\n* İsim yazılı modellerde herhangi bir üretim hatası varsa bu telafi edilir ancak iade veya değişim kabul edilmemektedir.<br>\r\n\r\nİADE ŞARTLARI<br>\r\nFirmamızdan aldığınız kişiye özel tasarımlar (isim yazılı modeller) ve alyanslarda iade yapılmamaktadır. İade nedeni üründeki bir hata ise iadelerdeki kargo ücretleri tarafımıza aittir. Farklı bir nedenle iade yapılacaksa kargo tarafınıza ait olacaktır.<br>\r\n\r\nİade süresi kaç gün?<br>\r\nGenel olarak satın aldığınız ürünleri tahrip etmeden, kullanmadan ve ürünün tekrar satılabilinirliğini bozmadan, teslim tarihinden itibaren yedi ( 7 ) günlük süre içinde neden belirterek iade edebilirsiniz.<br>\r\n\r\nİade şartları nelerdir?<br>\r\nİade etmek üzere gönderdiğiniz ürünlerde tam olması gereken öğeleri aşağıda bulabilirsiniz. Bunlardan herhangi birinin eksik olması durumunda ürün iadesi kabul edilmemektedir.<br>\r\n\r\nÜrünün faturası,<br>\r\nİade formu,<br>\r\n7 günlük süre içerisinde iade edilecek ürünlerin kutusu, ambalajı, varsa standart aksesuarları ile birlikte eksiksiz ve hasarsız olarak teslim edilmesi gerekmektedir.<br>\r\ntesbihane.com\'a iade için gönderilen ürünler incelenir ve ürünün hasarsız, kullanılmamış ve eksiksiz olduğu tespit edildikten iade kabul edilir. Ürünün kullanılmış olması, teslimat kapsamındaki aksesuarları ve yardımcı ürünleri, ambalajı olmaması halinde iade kabul edilmez.<br>\r\n\r\nİadenizin kabul edilmesinin ardından iade ödemeleri her hafta perşembe günleri yapılmaktadır. Kredi kartına yapılan iadelerin iade bedelinin hesabınıza yansıma süresi bankanızın inisiyatifinde olup, 1-3 haftayı bulabilmektedir. EFT/Havale ile yapılan ödemelerde ise, iade talebiniz kabul edildikten sonraki ilk perşembe günü vereceğiniz IBAN numarasına iade bedeliniz ödenecektir.<br>\r\n\r\nNasıl iade edeceğim?<br>\r\nÜrünü tarafımıza göndermeden önce iade talebinizi bu sayfadaki ürün iade formunu doldurarak tarafımıza bildirmeniz gerekmektedir. İade formunu doldurarak ürünü MNG Kargo ile tarafımıza gönderiniz. Ürün iade işlemlerinde firma kaynaklı bir hata var ise kargo bedellerinde (gidiş-dönüş) kesinti yapılmaz, fakat iade sebebinde üründe bir hata yada kusur yok ise (gidiş-dönüş) kargo bedelleri ücret iadesi yapılırken kesintili olarak yapılmaktadır. Diğer kargo firmaları ile yapılan gönderilerin ücreti gönderen kişiye aittir. Karşı ödemeli gönderimler kabul edilmeyecektir. Teknik servisimize gelen ürünlerin iade şartlarına uygun ulaştırılması durumunda ürün tutarlarının iadesi, ürünün tarafımıza ulaştığı gün işleme alınacaktır.<br>\r\n	\r\n*Yurtdışı gönderilerde iade değişim yapılamamaktadır.<br>', '<span class=\"text-center\"> <b>GİZLİLİK VE ÖDEME GÜVENLİĞİ\r\n        TÜKETİCİ HAKLARI & GÜVENLİ ALIŞVERİŞ</b> </span> <br>\r\n            \r\n            dafron.com‘da Veri Güvenliği ve Gizliliği<br>\r\n            \r\n            DAFRON KULLANICI GÜVENLİĞİ VE GİZLİLİĞİ BİLDİRGESİ <br>\r\n            \r\n            Tüm sistem web tabanlı olduğundan kullanıcıların zahmetsizce tanınması ve veri güvenliğinin hızla onaylanabilmesi için kullanıcıların web tarayıcılarına \"cookie\" adı verilen veriler gönderilmekte ve müşteri bilgisayarlarında saklanan bu cookieler belli aralıklarla güncellenerek optimal sistem performansı sağlanmaktadır.<br>\r\n            \r\n            Veri Güvenliği:<br>\r\n            Kullanıcılardan derlenen tüm hassas ve kişisel bilgiler, en yüksek elektronik ve fiziksel güvenlik standartlarında saklanmakta, yalnızca yetki sahibi olan personelin ve ancak zorunlu durumlarda kullanıcı onayı altında ulaşabileceği bir sistemle, mevcut T.C. kanunları ve uluslararası kanunlar çerçevesinde kullanılmaktadır. dafron.com kullanıcılardan derlediği kişisel ve hassas bilgileri kullanıcı onayı olmaksızın hiçbir isim altında, hiçbir nedenle ve hiçbir muhatap nezdinde açıklamamayı, söz konusu bilgileri üçüncü şahıslarla paylaşmamayı ve hiçbir surette kötüye kullanmamayı taahhüt ve garanti eder.<br>\r\n            \r\n            Veri Paylaşımı:<br>\r\n            dafron.com yukarıda sözü edilen kişisel içerikli bilgiler dışındaki genel kullanıcı bilgilerini, sunduğu hizmetleri daha verimli kılmak ve müşteri memnuniyetini en yüksek seviyede tutabilmek amacıyla kullanabilir. Ayrıca kullanıcılar onay verdikleri takdirde bu bilgiler dafron.com ve ortakları tarafından değerlendirilerek ürün güncellemeleri, indirim duyuruları ve özel teklifler amacıyla kullanılabilir.<br>\r\n            \r\n            Dafron.com‘da Kredi Kartları Güvenliği Nasıl Sağlanır?<br>\r\n            RAPİD SSL 128 BIT sertifikalı dafron.com, Türkiye‘nin en yaygın online ödeme altyapısı Garanti e-ticaret Sanal POS sistemini kullanmaktadır. Alışveriş sırasında kullanılan kredi kartı ile ilgili bilgiler siteden bağımsız olarak RAPİD SSL 128 BIT Secure 128 BIT SSL (Secure Sockets Layer) protokolü ile şifrelenip sorgulanmak üzere ilgili bankaya ulaşır. Kartın kullanılabilirliği onaylandığı takdirde alışverişe devam edilir. Kartla ilgili hiçbir bilgi site tarafından görüntülenemediği ve kaydedilmediği için, üçüncü şahısların herhangi bir koşulda bu bilgileri ele geçirmesi engellenmiş olur. Kredi Kartı bilgilerinizi girdiğiniz sayfanın sağ alt köşesinde bulunan kilit resmi bu sayfanın SSL ile şifrelendiğini gösterir ve üzerine tıkladığınızda şifrelemenin hangi firmaya ait olduğunu belirtir.<br>\r\n   \r\n\r\n ', '<b>ÖDEME VE TESLİMAT</b>  <br>\r\n            Ödeme Opsiyonları<br>\r\n            \r\n            Kredi Kartı<br>\r\n            \r\n            dafron.com‘da tüm Mastercard ve Visa kredi kartlarınızla alışveriş yapabilirsiniz.<br>\r\n            \r\n             \r\n            \r\n            Kapıda Ödeme<br>\r\n            \r\n            dafron.com‘dan verdiğiniz siparişlerde teslimat sırasında ödeme imkanınız da vardır. Kredi kartı ve nakit olarak alışverişlerinizde kapıda ödeme yapabilirsiniz. Kapıda ödemelerde kargo şirketi +5,90 TL tahsilat ücreti almaktadır.<br>\r\n            \r\n             \r\n            \r\n            Havale / EFT<br>\r\n            \r\n            Havale ile yaptığınız alışverişlerde, teslimat süresinin başlangıcı, siparişi verdiğiniz zaman değil sipariş tutarının havale ile hesaplarımıza geçtiği andır.<br>\r\n            \r\n            3 iş günü içinde hesaba geçmeyen havale siparişleri geçersiz sayılmaktadır.<br>\r\n            \r\n            Havale veya EFT ile yapılan alışverişlerde havale dekontunun tarafımıza e-mail veya faks ile iletilmesi gerekmektedir.<br>\r\n            \r\n             \r\n            \r\n            Anlaşmalı olduğumuz kargo şirketleri<br>\r\n            \r\n            Anlaşmalı olduğumuz kargo şirketleri MNG Kargo\'dur.<br>\r\n            \r\n             \r\n            \r\n            Kredi Kartı Provizyon Aksaklıkları<br>\r\n            \r\n            Siparişiniz sırasında kredi kartınız farklı nedenlerden ötürü onaylanamayabilir: <br>\r\n            Bu nedenler arasında başlıcaları;<br>\r\n            \r\n            1. Kredi kartınızın kullanılabilir limitinin yetersiz olması, <br>\r\n            2. Kart numarasını hatalı girmeniz, <br>\r\n            3. Kartınızın son kullanma tarihinin geçmiş olması, <br>\r\n            4. Kullandığınız kart bir ek kart ise, ana kart sahibi tarafından iptal edilmiş olması, <br>\r\n            5. Onay işlemi sırasında geçici bağlantı sorunları yaşanması, <br>\r\n            6. Kayıp ihbarı yaptığınız bir kartı yeniden kullanmaya çalışmanız, <br>\r\n            7. Kullanmaya çalıştığınız kartın bir kredi kartı değil, ATM kartı olması \r\n            sayılabilir.<br>\r\n            \r\n            Kredi kartı onay sorunlarınızda yardım almak için kartı aldığınız banka ile görüşmeniz gerekmektedir.<br>\r\n            \r\n            \r\n            Üye Olmanın Avantajları<br>\r\n            \r\n            Satın aldığınız bir ürünün teslimatı için sizden istenen kimlik bilgileri, teslimat adresleri, irtibat numaraları vb. bilgileri her defasında yeniden yazmak zorunda kalmazsınız. Üye olurken bir defaya mahsus verdiğiniz bu bilgiler her alışverişinizde otomatik olarak yerini alır. Ayrıca bu bilgileri istediğiniz zaman güncelleyebilirsiniz. Her alışverişinizde bu bilgilerin otomatik olarak görüntülenmesi size hem zaman kazandırır hem de kolaylık sağlar.<br>\r\n            \r\n            dafron.com kapsamında düzenlenecek promosyonlardan, kampanyalardan ve indirimlerden ilk siz haberdar olacaksınız.<br>\r\n            \r\n            Bir de üye olarak yapacağınız her alışverişten puan kazanacaksınız.<br>\r\n            \r\n            Tavsiye Et<br>\r\n            \r\n            \"Tavsiye Et\" fonksiyonu sayesinde, satın almadığınız ancak arkadaşlarınızın ilgisini çekeceğini düşündüğünüz bir ürünü kolaylıkla onlara tavsiye edebilirsiniz.<br>\r\n            \r\n            \r\n            Alışveriş Sepetiniz<br>\r\n            \r\n            dafron.com‘da yaptığınız alışveriş sırasında seçtiğiniz ürünleri sakladığınız bölümdür. Alınan ürünlere ve ödemelere ilişkin tüm bilgiler ödeme aşamasında topluca değerlendirilmek üzere buraya kaydedilir. Alışveriş arabanızı herhangi bir süpermarketten tanıdığınız geleneksel alışveriş arabasına benzetebilirsiniz.<br>\r\n            \r\n            \r\n            <b> SİPARİŞ & TESLİMAT ŞARTLARI</b> <br>\r\n            \r\n            Siparişim elime ne zaman ulaşır?<br>\r\n            \r\n            Kargo teslimat süresi ürüne göre değişiklik gösterebilmektedir. Bazı özel tasarım ürünlerimizin hazırlanması ve yüzük ölçülerinin ayarlanması gibi unsurlar kargo süresini etkilemektedir.<br>\r\n            \r\n            \r\n            Özel Sipariş<br>\r\n            \r\n            dafron.com stokta sürekli bulunmayan ve özel sipariş ibaresi bulunan ürünleri, müşterinin verdiği siparişe istinaden özel olarak ithal edilmektedir. Bu ürünlerin teslim süresi 7-10 iş günü içerisindedir. dafron.com bu süre içerisinde oluşan fiyat değişikliklerini ( KDV oranında oluşan değişiklikler hariç ) müşteriye yansıtmayacağını garanti eder.<br>\r\n            \r\n            \r\n            Stokta Bulunmayan Ürünler<br>\r\n            \r\n            Verdiğiniz siparişlerde, stoklarımızda bulunduğunu belirttiğimiz halde herhangi bir sebepten dolayı stokta bulunmayan bulunmayan ürünler yüzünden gecikmeler yaşanabilir. Bu gibi durumlarda irtibat telefonlarınızdan veya e-postanızdan mutlaka size ulaşılarak haber verilecektir. Size ulaşabilmemiz için lütfen kişisel bilgilerinizi eksiksiz doldurunuz. Teslimatla ilgili yaşanabilecek gecikmeler tarafınıza bildirilecek ve kabul etmeniz halinde siparişiniz onaylanacaktır. Gecikme halini kabul etmemeniz durumunda, alınan ürün bedelinin tamamı hesabınıza iade edilecektir.<br>\r\n            \r\n            \r\n            Adres Bilgileri<br>\r\n            \r\n            Siparişinizin size en çabuk şekilde ulaşması için lütfen adres bilgilerinizi mümkün olduğu kadar açık yazınız.<br>\r\n            \r\n            \r\n            Hatalı / Eksik Siparişler<br>\r\n            \r\n            …. Kargo‘dan teslim aldığınız paketi kargo görevlisinin yanında açıp, siparişinizi kontrol ediniz. Herhangi bir yanlışlık veya eksiklik gördüğünüz takdirde, derhal bizimle irtibata geçiniz. Paketi açılmış veya hasar görmüş kargoları, kargo yetkilisiyle rapor edip, derhal bizimle irtibata geçiniz.<br>\r\n            \r\n            \r\n            Kargo Ücreti<br>\r\n            \r\n            İnternet sitemizden yapılan bütün alışverişlerde kargo ücretsizdir. Ürün bedeli dışında hiçbir ücret ödemezsiniz. Ancak kapıda ödeme hizmeti isterseniz bu hizmet +5,90 TL ile ücretlendirilir. Bu ücret kargo şirketi tarafından \"para taşıma hizmeti\" olarak alınmaktadır.<br>\r\n            \r\n            \r\n            Yurtdışına Teslimat<br>\r\n            \r\n            Dafron yurtdışına teslimat yapılabilmektedir. Avrupa ülkelerinden sipariş vermek isteyen müşterilerimiz alışverişlerini dafron.com internet sitesi üzerinden yapabilirler.<br>\r\n            \r\n            \r\n            Kuzey Kıbrıs Türk Cumhuriyetine Teslimat<br>\r\n            \r\n            KKTC\'de yaşayan müşterilerimizin siparişlerini dafron.com internet sitesi üzerinden oluşturmaları gerekmektedir.');

-- --------------------------------------------------------

--
-- Tablo için tablo yapısı `ship`
--

CREATE TABLE `ship` (
  `ShipID` int(11) NOT NULL,
  `shipping_name` varchar(255) NOT NULL,
  `shipping_surname` varchar(255) NOT NULL,
  `shipping_phone` varchar(30) NOT NULL,
  `ship_il` varchar(11) NOT NULL,
  `ship_ilce` varchar(11) NOT NULL,
  `ShipEmail` varchar(500) DEFAULT NULL,
  `shipAddressName` varchar(255) NOT NULL,
  `ShipAddress` varchar(100) DEFAULT NULL,
  `adres_not` varchar(255) NOT NULL,
  `kargo_not` varchar(255) NOT NULL,
  `durum` int(11) NOT NULL,
  `userID` int(11) NOT NULL
) ENGINE=MyISAM DEFAULT CHARSET=utf8;

--
-- Tablo döküm verisi `ship`
--

INSERT INTO `ship` (`ShipID`, `shipping_name`, `shipping_surname`, `shipping_phone`, `ship_il`, `ship_ilce`, `ShipEmail`, `shipAddressName`, `ShipAddress`, `adres_not`, `kargo_not`, `durum`, `userID`) VALUES
(230, 'Gamze Nur', 'Taş', '05052092249', '9', 'Efeler', 'gamze.0793@gmail.com', '', '', 'test', '', 0, 48),
(231, '', '', '', '0', '0', '', '', '', '', '', 0, 0),
(232, '', '', '', '0', '0', '', '', '', '', '', 0, 48),
(233, '', '', '', '0', '0', '', '', '', '', '', 0, 48),
(242, '', '', '', '0', '0', '', '', '', '', '', 1, 48),
(243, 'çağatay', 'yalçın', '5443288959', 'Antalya', '0', 'wktasarim@gmail.com', '', '', 'deneme adres not satırı', '', 0, 1),
(240, '', '', '', '0', '0', '', '', '', '', '', 1, 48),
(241, '', '', '', '0', '0', '', '', '', '', '', 0, 48),
(236, 'Gamze Nur', 'Taş', '05052092249', '9', 'Efeler', 'gamze.0793@gmail.com', '', 'test', 'test', '', 1, 48),
(238, 'Gamze Nur', 'Taş', '05052092249', '9', 'Efeler', 'gamze.0793@gmail.com', '', 'test', 'test', '', 1, 48),
(239, 'Gamze Nur', 'Taş', '05052092249', '9', 'Efeler', 'gamze.0793@gmail.com', '', 'test', 'test', '', 1, 48),
(244, 'çağatay', 'yalçın', '5443288959', 'Antalya', '0', 'wktasarim@gmail.com', '', '', 'deneme adres not satırı', '', 0, 1),
(245, 'çağatay', 'yalçın', '5443288959', 'Antalya', '0', 'wktasarim@gmail.com', '', '', 'deneme adres not satırı', '', 0, 1),
(246, 'çağatay', 'yalçın', '5443288959', 'Antalya', '0', 'wktasarim@gmail.com', '', '', 'deneme adres not satırı', '', 0, 1),
(247, '', '', '', '0', '0', '', '', '', '', '', 0, 45),
(248, '', '', '', '0', '0', '', '', '', '', '', 0, 45),
(249, '', '', '', '0', '0', '', '', '', '', '', 0, 45),
(250, '', '', '', '0', '0', '', '', '', '', '', 0, 45),
(251, '', '', '', '14', '0', '', '', '', '', '', 0, 58),
(252, '', '', '', '14', '0', '', '', '', '', '', 0, 58),
(253, '', '', '', '0', '0', '', '', '', '', '', 0, 58),
(254, '', '', '', '0', '0', '', '', '', '', '', 0, 58),
(255, '', '', '', '0', '0', '', '', '', '', '', 0, 58),
(256, '', '', '', '0', '0', '', '', '', '', '', 0, 58),
(257, '', '', '', '0', '0', '', '', '', '', '', 0, 58),
(258, '', '', '', '0', '0', '', '', '', '', '', 0, 58),
(259, '', '', '', '0', '0', '', '', '', '', '', 0, 58),
(260, '', '', '', '0', '0', '', '', '', '', '', 0, 58),
(261, '', '', '', '0', '0', '', '', '', '', '', 0, 58),
(262, '', '', '', '0', '0', '', '', '', '', '', 0, 58),
(263, 'trewa', 'dgfshgdhglkjhljş', 'sdafsdghjglkşlhjşki', '0', '0', 'sdtdygfhgjhkjlkşli', '', '', '', '', 1, 9),
(264, 'Gamze Nur', 'Taş', '11111111', '19', 'İskilip', 'gamze.0fw793@gmail.com', '', '', 'asdfasdfadsf', '', 0, 9);

-- --------------------------------------------------------

--
-- Tablo için tablo yapısı `shoppingcart`
--

CREATE TABLE `shoppingcart` (
  `cartID` int(11) NOT NULL,
  `cartProductID` int(11) NOT NULL,
  `cartProductName` varchar(255) NOT NULL,
  `cartProductPrice` varchar(255) NOT NULL,
  `productDimension` varchar(255) NOT NULL,
  `productColor` varchar(255) NOT NULL,
  `userID` int(11) NOT NULL,
  `cartProductPiece` int(255) NOT NULL
) ENGINE=InnoDB DEFAULT CHARSET=utf8;

--
-- Tablo döküm verisi `shoppingcart`
--

INSERT INTO `shoppingcart` (`cartID`, `cartProductID`, `cartProductName`, `cartProductPrice`, `productDimension`, `productColor`, `userID`, `cartProductPiece`) VALUES
(1509, 1, 'TOFAŞ EV SAHİBİ TARAFTAR FORMASI', '89', 'S', '', 9, 1);

-- --------------------------------------------------------

--
-- Tablo için tablo yapısı `shopping_list`
--

CREATE TABLE `shopping_list` (
  `listID` int(11) NOT NULL,
  `listProductID` text NOT NULL,
  `listProductImage` varchar(255) NOT NULL,
  `listProductName` varchar(255) NOT NULL,
  `listProductPrice` text NOT NULL,
  `listProductDesc` mediumtext,
  `userID` text NOT NULL
) ENGINE=MyISAM DEFAULT CHARSET=utf8;

--
-- Tablo döküm verisi `shopping_list`
--

INSERT INTO `shopping_list` (`listID`, `listProductID`, `listProductImage`, `listProductName`, `listProductPrice`, `listProductDesc`, `userID`) VALUES
(58, '7', 'assets/images/product/7.PNG', 'ALL STAR ASYA ŞAPKA\r\n\r\n', '69', 'Ürün Açıklaması: Bu alanda ürüne ait açıklamalar, ürün özellikleri ve genel kullanım alanları hakkında kısa bilgiler yazılabilir..\r\n', ''),
(57, '2', 'assets/images/product/2.PNG', '\r\nTOFAŞ KOLEJ MONT', '119', 'Ürün Açıklaması: Bu alanda ürüne ait açıklamalar, ürün özellikleri ve genel kullanım alanları hakkında kısa bilgiler yazılabilir..\r\n', ''),
(56, '4', 'assets/images/product/4.PNG', 'TOFAŞ POLO YAKA TSHIRT YEŞİL\r\n', '69', 'Ürün Açıklaması: Bu alanda ürüne ait açıklamalar, ürün özellikleri ve genel kullanım alanları hakkında kısa bilgiler yazılabilir..\r\n', '9'),
(55, '4', 'assets/images/product/4.PNG', 'TOFAŞ POLO YAKA TSHIRT YEŞİL\r\n', '69', 'Ürün Açıklaması: Bu alanda ürüne ait açıklamalar, ürün özellikleri ve genel kullanım alanları hakkında kısa bilgiler yazılabilir..\r\n', '9'),
(53, '1', 'assets/images/product/1-1.PNG', 'TOFAŞ EV SAHİBİ TARAFTAR FORMASI', '89', 'Ürün Açıklaması: Bu alanda ürüne ait açıklamalar, ürün özellikleri ve genel kullanım alanları hakkında kısa bilgiler yazılabilir..\r\n', '9'),
(54, '3', 'assets/images/product/3.PNG', 'TOFAŞ POLO YAKA TSHIRT LACİVERT\r\n', '69', 'Ürün Açıklaması: Bu alanda ürüne ait açıklamalar, ürün özellikleri ve genel kullanım alanları hakkında kısa bilgiler yazılabilir..\r\n', ''),
(52, '1', 'assets/images/product/1-1.PNG', 'TOFAŞ EV SAHİBİ TARAFTAR FORMASI', '89', 'Ürün Açıklaması: Bu alanda ürüne ait açıklamalar, ürün özellikleri ve genel kullanım alanları hakkında kısa bilgiler yazılabilir..\r\n', '9'),
(50, '4', 'assets/images/product/4.PNG', 'TOFAŞ POLO YAKA TSHIRT YEŞİL\r\n', '69', 'Ürün Açıklaması: Bu alanda ürüne ait açıklamalar, ürün özellikleri ve genel kullanım alanları hakkında kısa bilgiler yazılabilir..\r\n', ''),
(46, '', '', '', '', '', ''),
(47, '', '', '', '', '', ''),
(48, '', '', '', '', '', '');

-- --------------------------------------------------------

--
-- Tablo için tablo yapısı `slider`
--

CREATE TABLE `slider` (
  `sliderID` int(11) NOT NULL,
  `sliderName` varchar(255) NOT NULL,
  `sliderImage` mediumtext NOT NULL,
  `sliderLink` varchar(255) NOT NULL,
  `sliderUstTitle` varchar(255) NOT NULL
) ENGINE=MyISAM DEFAULT CHARSET=utf8;

--
-- Tablo döküm verisi `slider`
--

INSERT INTO `slider` (`sliderID`, `sliderName`, `sliderImage`, `sliderLink`, `sliderUstTitle`) VALUES
(1, 'slider1', '		<div style=\"background-image: url(assets/images/slider/hero-slide-1.jpg);\"class=\"hero-slider__item  hero-slider__item--img1\">\r\n			<div class=\"container hero-slider__item-container\">\r\n				<div class=\"row\">\r\n					<div class=\"col-md-8 offset-md-2\">\r\n						<div class=\"post__meta-block post__meta-block--top\">\r\n							<h1 class=\"page-heading__title shadow\"><a href=\"#\">PROFESYONEL <span class=\"highlight\">FITNESS<br>ÜRÜNLERİ</span> DAFRON ONLINE\'DA <br><sub>\"DAİMA GÜCÜN ÜZERİNDE\"</sub></a></h1>\r\n							<ul class=\"post__meta meta\">\r\n								<li class=\"meta__item\"><a href=\"#\" class=\"btn btn-primary-inverse btn-sm\">KADIN</a></li>\r\n								<li class=\"meta__item\"><a href=\"#\" class=\"btn btn-primary-inverse btn-sm\">ERKEK</a></li>\r\n								<li class=\"meta__item\"><a href=\"#\" class=\"btn btn-primary-inverse btn-sm\">ÇOCUK</a></li>\r\n							</ul>\r\n						</div>\r\n					</div>\r\n				</div>\r\n			</div>\r\n		</div>', '', ''),
(2, 'slider2', '<div class=\"hero-slider__item hero-slider__item--img2\">\r\n			<div class=\"container hero-slider__item-container\">\r\n				<div class=\"row\">\r\n					<div class=\"col-md-8 offset-md-2\">\r\n						<div class=\"post__meta-block post__meta-block--top\">\r\n							<h1 class=\"page-heading__title shadow\"><a href=\"#\">PROFESYONEL <span class=\"highlight\">BASKETBOL<br>ÜRÜNLERİ</span> DAFRON ONLINE\'DA <br><sub>\"DAİMA GÜCÜN ÜZERİNDE\"</sub></a></h1>\r\n							<ul class=\"post__meta meta\">\r\n								<li class=\"meta__item\"><a href=\"#\" class=\"btn btn-primary-inverse btn-sm\">KADIN</a></li>\r\n								<li class=\"meta__item\"><a href=\"#\" class=\"btn btn-primary-inverse btn-sm\">ERKEK</a></li>\r\n								<li class=\"meta__item\"><a href=\"#\" class=\"btn btn-primary-inverse btn-sm\">ÇOCUK</a></li>\r\n							</ul>\r\n						</div>\r\n					</div>\r\n				</div>\r\n			</div>\r\n		</div>', '', ''),
(3, 'slider3', '<div class=\"hero-slider__item hero-slider__item--img3\">\r\n			<div class=\"container hero-slider__item-container\">\r\n				<div class=\"row\">\r\n					<div class=\"col-md-8 offset-md-2\">\r\n						<div class=\"post__meta-block post__meta-block--top\">\r\n							<h1 class=\"page-heading__title shadow\"><a href=\"#\">PROFESYONEL <span class=\"highlight\">FUTBOL <br>ÜRÜNLERİ</span> DAFRON ONLINE\'DA <br><sub>\"DAİMA GÜCÜN ÜZERİNDE\"</sub></a></h1>\r\n							<ul class=\"post__meta meta\">\r\n								<li class=\"meta__item\"><a href=\"#\" class=\"btn btn-primary-inverse btn-sm\">KADIN</a></li>\r\n								<li class=\"meta__item\"><a href=\"#\" class=\"btn btn-primary-inverse btn-sm\">ERKEK</a></li>\r\n								<li class=\"meta__item\"><a href=\"#\" class=\"btn btn-primary-inverse btn-sm\">ÇOCUK</a></li>\r\n							</ul>\r\n						</div>\r\n					</div>\r\n				</div>\r\n			</div>\r\n		</div>', '', '');

-- --------------------------------------------------------

--
-- Tablo için tablo yapısı `sporbranch`
--

CREATE TABLE `sporbranch` (
  `sporBranchID` int(11) NOT NULL,
  `sporBranchName` varchar(255) NOT NULL,
  `sporBranchImage` varchar(255) NOT NULL,
  `sporBranchDescription` text NOT NULL,
  `isActive` tinyint(1) NOT NULL DEFAULT '1',
  `isDeleted` tinyint(1) NOT NULL DEFAULT '0'
) ENGINE=MyISAM DEFAULT CHARSET=utf8;

--
-- Tablo döküm verisi `sporbranch`
--

INSERT INTO `sporbranch` (`sporBranchID`, `sporBranchName`, `sporBranchImage`, `sporBranchDescription`, `isActive`, `isDeleted`) VALUES
(1, 'FUTBOL', 'uploads/sporbrans/25382267872600524885futbol.jpg', 'TEKSTIL, AKSESUAR VE EKIPMANLARI', 1, 0),
(2, 'HENTBOL', 'uploads/sporbrans/26365253042585021445hentbol.jpg', 'TEKSTIL, ', 1, 0),
(3, 'KOSU', 'uploads/sporbrans/26723281552192325944kosu.jpg', 'TEKSTIL, ', 1, 0),
(4, 'OUTDOOR', 'uploads/sporbrans/23283258192729529955outdoor.jpg', 'TEKSTIL, ', 1, 0),
(5, 'BASKETBOL', 'uploads/sporbrans/24455208822257021969basketbol.jpg', 'TEKSTIL, ', 1, 0),
(6, 'ATLETIZM', 'uploads/sporbrans/22661272373167023287atletizm.jpg', 'TEKSTIL, ', 1, 0),
(7, 'DOVUS SPORLARI', 'uploads/sporbrans/22885242042801122093dovus-sporlari.jpg', 'TEKSTIL, ', 1, 0),
(8, 'TENIS', 'uploads/sporbrans/24922284922982622520tenis.jpg', 'TEKSTIL, ', 1, 0),
(9, 'VOLEYBOL', 'uploads/sporbrans/27576316363111327934voleybol.jpg', 'TEKSTIL, ', 1, 0),
(10, 'FITNESS', 'uploads/sporbrans/21920259723159327336fitness.jpg', 'TEKSTIL, ', 1, 0),
(11, 'SU SPORLARI', 'uploads/sporbrans/31971308573020822822su-sporlari.jpg', 'TEKSTIL, ', 1, 0),
(12, 'VUCUT GELISTIRME', 'uploads/sporbrans/31123301692812020037vucut-gelistirme.jpg', 'TEKSTIL, ', 1, 0);

-- --------------------------------------------------------

--
-- Tablo için tablo yapısı `stock`
--

CREATE TABLE `stock` (
  `stockID` int(11) NOT NULL,
  `urunID` int(11) NOT NULL,
  `secenek1` varchar(255) NOT NULL,
  `secenek2` varchar(255) NOT NULL,
  `secenek3` varchar(255) NOT NULL,
  `secenek4` varchar(255) NOT NULL,
  `secenek1ozellik` varchar(255) NOT NULL,
  `secenek2ozellik` varchar(255) NOT NULL,
  `secenek3ozellik` varchar(255) NOT NULL,
  `secenek4ozellik` varchar(255) NOT NULL,
  `stock_piece` int(255) NOT NULL,
  `renkimg` mediumtext NOT NULL,
  `stockChange` int(11) NOT NULL
) ENGINE=MyISAM DEFAULT CHARSET=utf8;

--
-- Tablo döküm verisi `stock`
--

INSERT INTO `stock` (`stockID`, `urunID`, `secenek1`, `secenek2`, `secenek3`, `secenek4`, `secenek1ozellik`, `secenek2ozellik`, `secenek3ozellik`, `secenek4ozellik`, `stock_piece`, `renkimg`, `stockChange`) VALUES
(1, 1, 'M', 'Sari', 'V-Yaka', 'Kisa Kollu', 'Beden', 'Renk', 'Yaka Tipi', 'Kol Tipi', 15, 'assets/images/1.jpg', 0),
(2, 4, 'L', 'Mavi', 'V-Yakaa', 'Uzun Kollu', 'Beden', 'Renk', 'Yaka Tipi', 'Kol Tipi', 10, '', 0),
(3, 3, 'S', 'Sari', 'V-Yaka', 'Uzun Kollu', 'Beden', 'Renk', 'Yaka Tipi', 'Kol Tipi', 5, '', 0),
(4, 2, 'S', 'Sari', 'V-Yaka', 'Kisa Kollu', 'Beden', 'Renk', 'Yaka Tipi', 'Kol Tipi', 10, '', 0);

-- --------------------------------------------------------

--
-- Tablo için tablo yapısı `stockoptions`
--

CREATE TABLE `stockoptions` (
  `stockOptionsID` int(11) NOT NULL,
  `stockID` int(11) NOT NULL,
  `productOptionsID` int(11) NOT NULL
) ENGINE=MyISAM DEFAULT CHARSET=utf8;

--
-- Tablo döküm verisi `stockoptions`
--

INSERT INTO `stockoptions` (`stockOptionsID`, `stockID`, `productOptionsID`) VALUES
(1, 1, 1),
(2, 2, 5),
(5, 2, 5),
(6, 4, 1);

-- --------------------------------------------------------

--
-- Tablo için tablo yapısı `subcategories`
--

CREATE TABLE `subcategories` (
  `subCategoryID` int(11) NOT NULL,
  `maincategoriesID` text NOT NULL,
  `subCategoriesName` varchar(200) NOT NULL,
  `subCategoriesDesc` longtext NOT NULL,
  `subCategoriesSEO` longtext NOT NULL,
  `subCategoriesMetaTitle` longtext NOT NULL,
  `subCategoriesMetaWords` longtext NOT NULL,
  `subCategoriesRow` int(11) NOT NULL,
  `isActive` tinyint(1) NOT NULL DEFAULT '1',
  `isDeleted` tinyint(1) NOT NULL DEFAULT '0'
) ENGINE=InnoDB DEFAULT CHARSET=utf8;

--
-- Tablo döküm verisi `subcategories`
--

INSERT INTO `subcategories` (`subCategoryID`, `maincategoriesID`, `subCategoriesName`, `subCategoriesDesc`, `subCategoriesSEO`, `subCategoriesMetaTitle`, `subCategoriesMetaWords`, `subCategoriesRow`, `isActive`, `isDeleted`) VALUES
(5, '25', 'giyim', '', '', '', '', 3, 1, 0),
(6, '26', 'ayakkabı', '', '', '', '', 10, 1, 0);

-- --------------------------------------------------------

--
-- Tablo için tablo yapısı `suppliers`
--

CREATE TABLE `suppliers` (
  `SupplierID` int(11) NOT NULL,
  `SupplierName` varchar(50) NOT NULL,
  `SupplierEmail` varchar(500) DEFAULT NULL,
  `ContactFirstName` varchar(50) DEFAULT NULL,
  `ContactLastName` varchar(50) DEFAULT NULL,
  `SupplierPhone` varchar(20) DEFAULT NULL,
  `SupplierAddress` varchar(100) DEFAULT NULL
) ENGINE=MyISAM DEFAULT CHARSET=utf8;

-- --------------------------------------------------------

--
-- Tablo için tablo yapısı `support`
--

CREATE TABLE `support` (
  `supportID` int(11) NOT NULL,
  `titleID` int(11) NOT NULL,
  `supportMainTitle` varchar(255) NOT NULL,
  `supportAltTitle` varchar(255) NOT NULL,
  `link` varchar(255) NOT NULL
) ENGINE=MyISAM DEFAULT CHARSET=utf8;

--
-- Tablo döküm verisi `support`
--

INSERT INTO `support` (`supportID`, `titleID`, `supportMainTitle`, `supportAltTitle`, `link`) VALUES
(1, 1, 'İptal, İade, Değişim', 'İade', ''),
(2, 1, 'İptal, İade, Değişim', 'Değişim', ''),
(3, 1, 'İptal, İade, Değişim', 'Cayma Hakkı', ''),
(4, 1, 'İptal, İade, Değişim', 'Sipariş İptali', ''),
(5, 2, 'Kargo & Teslimat', 'Kargo Sorunları\r\n', ''),
(6, 2, 'Kargo & Teslimat', 'Adres Bilgileri', ''),
(7, 2, 'Kargo & Teslimat', 'Kargo Gönderim Süreci', ''),
(8, 2, 'Kargo & Teslimat', 'Kargo Takibi', ''),
(9, 3, 'Ürün & Mağaza', 'Mağaza', ''),
(10, 3, 'Ürün & Mağaza', 'Ürün Arama', ''),
(11, 3, 'Ürün & Mağaza', 'Ürün & Alışveriş Yorumu', ''),
(12, 3, 'Ürün & Mağaza', 'Satın Alma', ''),
(13, 4, 'Ödeme', 'Ödeme Güvenliği', ''),
(14, 4, 'Ödeme', 'Ödeme Seçenekleri', ''),
(15, 4, 'Ödeme', 'Sipariş İşlemleri', ''),
(16, 5, 'Kupon & Kampanyalar', 'Puan', ''),
(17, 5, 'Kupon & Kampanyalar', 'Kupon', ''),
(18, 5, 'Kupon & Kampanyalar', 'Kampanya', ''),
(19, 6, 'Üyelik', 'Misafir Kullanıcı', ''),
(20, 6, 'Üyelik', 'Yeni Üye Rehberi', ''),
(21, 6, 'Üyelik', 'Üyelik İşlemleri', ''),
(22, 6, 'Üyelik', 'Üyelik İptali', '');

-- --------------------------------------------------------

--
-- Tablo için tablo yapısı `tekliftablo`
--

CREATE TABLE `tekliftablo` (
  `ID` int(11) NOT NULL,
  `teklifid` text NOT NULL,
  `userid` varchar(255) NOT NULL,
  `cartid` varchar(255) NOT NULL,
  `cartproductid` varchar(255) NOT NULL,
  `cartproductname` varchar(255) NOT NULL,
  `cartproductprice` double NOT NULL,
  `cartproductpiece` int(11) NOT NULL,
  `total` double NOT NULL,
  `mailadres` varchar(255) NOT NULL,
  `durum` int(11) DEFAULT NULL
) ENGINE=MyISAM DEFAULT CHARSET=utf8;

--
-- Tablo döküm verisi `tekliftablo`
--

INSERT INTO `tekliftablo` (`ID`, `teklifid`, `userid`, `cartid`, `cartproductid`, `cartproductname`, `cartproductprice`, `cartproductpiece`, `total`, `mailadres`, `durum`) VALUES
(27, 'teklif_5c9e', '48', '515', '4', 'TOFA? POLO YAKA TSHIRT YE??L\r\n', 69, 2, 0, 'gamze.0793@gmail.com', 1),
(26, 'teklif_5c9e', '48', '514', '3', 'TOFA? POLO YAKA TSHIRT LAC?VERT\r\n', 69, 2, 0, 'gamze.0793@gmail.com', 1),
(25, 'teklif_5c9e', '48', '512', '1', 'TOFA? EV SAH?B? TARAFTAR FORMASI', 89, 9, 0, 'gamze.0793@gmail.com', 1),
(24, 'teklif_5c9e', '48', '515', '4', 'TOFA? POLO YAKA TSHIRT YE??L\r\n', 69, 1, 0, 'gamze.0793@gmail.com', 1),
(23, 'teklif_5c9e', '48', '514', '3', 'TOFA? POLO YAKA TSHIRT LAC?VERT\r\n', 69, 1, 0, 'gamze.0793@gmail.com', 1),
(22, 'teklif_5c9e', '48', '513', '2', '\r\nTOFA? KOLEJ MONT', 119, 1, 0, 'gamze.0793@gmail.com', 1),
(21, 'teklif_5c9e', '48', '512', '1', 'TOFA? EV SAH?B? TARAFTAR FORMASI', 89, 5, 0, 'gamze.0793@gmail.com', 1),
(20, 'teklif_5c9d', '48', '405', '4', 'TOFA? POLO YAKA TSHIRT YE??L\r\n', 69, 19, 0, 'gamze.0793@gmail.com', 0),
(19, 'teklif_5c9d', '48', '404', '3', 'TOFA? POLO YAKA TSHIRT LAC?VERT\r\n', 69, 15, 0, 'gamze.0793@gmail.com', 0),
(18, 'teklif_5c9d', '48', '403', '2', '\r\nTOFA? KOLEJ MONT', 119, 2, 0, 'gamze.0793@gmail.com', 0),
(17, 'teklif_5c9d', '48', '402', '1', 'TOFA? EV SAH?B? TARAFTAR FORMASI', 89, 2, 0, 'gamze.0793@gmail.com', 0),
(28, 'teklif_5ca1', '48', '1449', '1', 'TOFA? EV SAH?B? TARAFTAR FORMASI', 89, 1, 0, 'gamze.0793@gmail.com', 0),
(29, 'teklif_5ca1', '48', '1450', '2', '\r\nTOFA? KOLEJ MONT', 119, 1, 0, 'gamze.0793@gmail.com', 0),
(30, 'teklif_5ca1', '48', '1451', '3', 'TOFA? POLO YAKA TSHIRT LAC?VERT\r\n', 69, 2, 0, 'gamze.0793@gmail.com', 0),
(31, 'teklif_5ca1', '48', '1452', '4', 'TOFA? POLO YAKA TSHIRT YE??L\r\n', 69, 3, 0, 'gamze.0793@gmail.com', 0),
(32, 'teklif_5ca1', '48', '1449', '1', 'TOFA? EV SAH?B? TARAFTAR FORMASI', 89, 1, 89, 'gamze.0793@gmail.com', 0),
(33, 'teklif_5ca1', '48', '1450', '2', '\r\nTOFA? KOLEJ MONT', 119, 1, 119, 'gamze.0793@gmail.com', 0),
(34, 'teklif_5ca1', '48', '1451', '3', 'TOFA? POLO YAKA TSHIRT LAC?VERT\r\n', 69, 2, 138, 'gamze.0793@gmail.com', 0),
(35, 'teklif_5ca1', '48', '1452', '4', 'TOFA? POLO YAKA TSHIRT YE??L\r\n', 69, 3, 207, 'gamze.0793@gmail.com', 0),
(36, 'teklif_5ca1', '48', '1449', '1', 'TOFA? EV SAH?B? TARAFTAR FORMASI', 89, 1, 89, 'gamze.0793@gmail.com', 0),
(37, 'teklif_5ca1', '48', '1450', '2', '\r\nTOFA? KOLEJ MONT', 119, 1, 119, 'gamze.0793@gmail.com', 0),
(38, 'teklif_5ca1', '48', '1451', '3', 'TOFA? POLO YAKA TSHIRT LAC?VERT\r\n', 69, 2, 138, 'gamze.0793@gmail.com', 0),
(39, 'teklif_5ca1', '48', '1452', '4', 'TOFA? POLO YAKA TSHIRT YE??L\r\n', 69, 3, 207, 'gamze.0793@gmail.com', 0),
(40, 'teklif_5ca73c152c43a', '9', '1483', '1', 'TOFAŞ EV SAHİBİ TARAFTAR FORMASI', 89, 4, 356, 'gamze.0793@gmail.com', NULL),
(41, 'teklif_5ca73c152c43a', '9', '1484', '2', '\r\nTOFAŞ KOLEJ MONT', 119, 2, 238, 'gamze.0793@gmail.com', NULL),
(42, 'teklif_5ca73c152c43a', '9', '1485', '3', 'TOFAŞ POLO YAKA TSHIRT LACİVERT\r\n', 69, 2, 138, 'gamze.0793@gmail.com', NULL),
(43, 'teklif_5ca73c152c43a', '9', '1486', '4', 'TOFAŞ POLO YAKA TSHIRT YEŞİL\r\n', 69, 3, 207, 'gamze.0793@gmail.com', NULL),
(44, 'teklif_5ca73c16783b0', '9', '1483', '1', 'TOFAŞ EV SAHİBİ TARAFTAR FORMASI', 89, 4, 356, 'gamze.0793@gmail.com', NULL),
(45, 'teklif_5ca73c16783b0', '9', '1484', '2', '\r\nTOFAŞ KOLEJ MONT', 119, 2, 238, 'gamze.0793@gmail.com', NULL),
(46, 'teklif_5ca73c16783b0', '9', '1485', '3', 'TOFAŞ POLO YAKA TSHIRT LACİVERT\r\n', 69, 2, 138, 'gamze.0793@gmail.com', NULL),
(47, 'teklif_5ca73c16783b0', '9', '1486', '4', 'TOFAŞ POLO YAKA TSHIRT YEŞİL\r\n', 69, 3, 207, 'gamze.0793@gmail.com', NULL),
(48, 'teklif_5ca73c16e69c9', '9', '1483', '1', 'TOFAŞ EV SAHİBİ TARAFTAR FORMASI', 89, 4, 356, 'gamze.0793@gmail.com', NULL),
(49, 'teklif_5ca73c16e69c9', '9', '1484', '2', '\r\nTOFAŞ KOLEJ MONT', 119, 2, 238, 'gamze.0793@gmail.com', NULL),
(50, 'teklif_5ca73c16e69c9', '9', '1485', '3', 'TOFAŞ POLO YAKA TSHIRT LACİVERT\r\n', 69, 2, 138, 'gamze.0793@gmail.com', NULL),
(51, 'teklif_5ca73c16e69c9', '9', '1486', '4', 'TOFAŞ POLO YAKA TSHIRT YEŞİL\r\n', 69, 3, 207, 'gamze.0793@gmail.com', NULL),
(52, 'teklif_5ca73c172287d', '9', '1483', '1', 'TOFAŞ EV SAHİBİ TARAFTAR FORMASI', 89, 4, 356, 'gamze.0793@gmail.com', NULL),
(53, 'teklif_5ca73c172287d', '9', '1484', '2', '\r\nTOFAŞ KOLEJ MONT', 119, 2, 238, 'gamze.0793@gmail.com', NULL),
(54, 'teklif_5ca73c172287d', '9', '1485', '3', 'TOFAŞ POLO YAKA TSHIRT LACİVERT\r\n', 69, 2, 138, 'gamze.0793@gmail.com', NULL),
(55, 'teklif_5ca73c172287d', '9', '1486', '4', 'TOFAŞ POLO YAKA TSHIRT YEŞİL\r\n', 69, 3, 207, 'gamze.0793@gmail.com', NULL),
(56, 'teklif_5ca73c1d6bf19', '9', '1483', '1', 'TOFAŞ EV SAHİBİ TARAFTAR FORMASI', 89, 4, 356, 'gamze.0793@gmail.com', NULL),
(57, 'teklif_5ca73c1d6bf19', '9', '1484', '2', '\r\nTOFAŞ KOLEJ MONT', 119, 2, 238, 'gamze.0793@gmail.com', NULL),
(58, 'teklif_5ca73c1d6bf19', '9', '1485', '3', 'TOFAŞ POLO YAKA TSHIRT LACİVERT\r\n', 69, 2, 138, 'gamze.0793@gmail.com', NULL),
(59, 'teklif_5ca73c1d6bf19', '9', '1486', '4', 'TOFAŞ POLO YAKA TSHIRT YEŞİL\r\n', 69, 3, 207, 'gamze.0793@gmail.com', NULL),
(60, 'teklif_5ca73c3b48b87', '9', '1483', '1', 'TOFAŞ EV SAHİBİ TARAFTAR FORMASI', 89, 4, 356, 'gamze.0793@gmail.com', NULL),
(61, 'teklif_5ca73c3b48b87', '9', '1484', '2', '\r\nTOFAŞ KOLEJ MONT', 119, 2, 238, 'gamze.0793@gmail.com', NULL),
(62, 'teklif_5ca73c3b48b87', '9', '1485', '3', 'TOFAŞ POLO YAKA TSHIRT LACİVERT\r\n', 69, 2, 138, 'gamze.0793@gmail.com', NULL),
(63, 'teklif_5ca73c3b48b87', '9', '1486', '4', 'TOFAŞ POLO YAKA TSHIRT YEŞİL\r\n', 69, 3, 207, 'gamze.0793@gmail.com', NULL),
(64, 'teklif_5ca73ca8cb194', '9', '1483', '1', 'TOFAŞ EV SAHİBİ TARAFTAR FORMASI', 89, 4, 356, 'gamze.0793@gmail.com', NULL),
(65, 'teklif_5ca73ca8cb194', '9', '1484', '2', '\r\nTOFAŞ KOLEJ MONT', 119, 2, 238, 'gamze.0793@gmail.com', NULL),
(66, 'teklif_5ca73ca8cb194', '9', '1485', '3', 'TOFAŞ POLO YAKA TSHIRT LACİVERT\r\n', 69, 2, 138, 'gamze.0793@gmail.com', NULL),
(67, 'teklif_5ca73ca8cb194', '9', '1486', '4', 'TOFAŞ POLO YAKA TSHIRT YEŞİL\r\n', 69, 3, 207, 'gamze.0793@gmail.com', NULL),
(68, 'teklif_5ca73cbb7b904', '9', '1483', '1', 'TOFAŞ EV SAHİBİ TARAFTAR FORMASI', 89, 4, 356, 'gamze.0793@gmail.com', NULL),
(69, 'teklif_5ca76f052120d', '9', '1483', '1', 'TOFAŞ EV SAHİBİ TARAFTAR FORMASI', 89, 4, 356, 'gamze.0793@gmail.com', NULL),
(70, 'teklif_5ca76f1ea479a', '9', '1483', '1', 'TOFAŞ EV SAHİBİ TARAFTAR FORMASI', 89, 4, 356, 'gamze.0793@gmail.com', NULL),
(71, 'teklif_5ca77176e8050', '9', '1483', '1', 'TOFAŞ EV SAHİBİ TARAFTAR FORMASI', 89, 4, 356, 'gamze.0793@gmail.com', NULL),
(72, 'teklif_5ca77176e8050', '9', '1484', '2', '\r\nTOFAŞ KOLEJ MONT', 119, 2, 238, 'gamze.0793@gmail.com', NULL),
(73, 'teklif_5ca77176e8050', '9', '1485', '3', 'TOFAŞ POLO YAKA TSHIRT LACİVERT\r\n', 69, 2, 138, 'gamze.0793@gmail.com', NULL),
(74, 'teklif_5caf51f78d59b', '9', '1509', '1', 'TOFAŞ EV SAHİBİ TARAFTAR FORMASI', 89, 1, 89, 'gamze.0793@gmail.com', NULL);

--
-- Dökümü yapılmış tablolar için indeksler
--

--
-- Tablo için indeksler `admin`
--
ALTER TABLE `admin`
  ADD PRIMARY KEY (`AdminID`);

--
-- Tablo için indeksler `altbanner`
--
ALTER TABLE `altbanner`
  ADD PRIMARY KEY (`altbannerID`);

--
-- Tablo için indeksler `b2b_bayi`
--
ALTER TABLE `b2b_bayi`
  ADD PRIMARY KEY (`bayi_id`);

--
-- Tablo için indeksler `banner`
--
ALTER TABLE `banner`
  ADD PRIMARY KEY (`bannerID`);

--
-- Tablo için indeksler `bireysel_fatura`
--
ALTER TABLE `bireysel_fatura`
  ADD PRIMARY KEY (`bireysel_faturaID`);

--
-- Tablo için indeksler `brands`
--
ALTER TABLE `brands`
  ADD PRIMARY KEY (`brandsID`);

--
-- Tablo için indeksler `categories`
--
ALTER TABLE `categories`
  ADD PRIMARY KEY (`categoriesID`);

--
-- Tablo için indeksler `color`
--
ALTER TABLE `color`
  ADD PRIMARY KEY (`id`);

--
-- Tablo için indeksler `completedorder`
--
ALTER TABLE `completedorder`
  ADD PRIMARY KEY (`islemID`);

--
-- Tablo için indeksler `contact`
--
ALTER TABLE `contact`
  ADD PRIMARY KEY (`messageID`);

--
-- Tablo için indeksler `coupon`
--
ALTER TABLE `coupon`
  ADD PRIMARY KEY (`couponID`);

--
-- Tablo için indeksler `customers`
--
ALTER TABLE `customers`
  ADD PRIMARY KEY (`UserID`);

--
-- Tablo için indeksler `ebulten`
--
ALTER TABLE `ebulten`
  ADD PRIMARY KEY (`bultenID`);

--
-- Tablo için indeksler `genders`
--
ALTER TABLE `genders`
  ADD PRIMARY KEY (`gendersID`);

--
-- Tablo için indeksler `gift`
--
ALTER TABLE `gift`
  ADD PRIMARY KEY (`giftID`);

--
-- Tablo için indeksler `kullanici_yorum`
--
ALTER TABLE `kullanici_yorum`
  ADD PRIMARY KEY (`yorumID`);

--
-- Tablo için indeksler `kurumsal_fatura`
--
ALTER TABLE `kurumsal_fatura`
  ADD PRIMARY KEY (`kurumsal_faturaID`);

--
-- Tablo için indeksler `messages`
--
ALTER TABLE `messages`
  ADD PRIMARY KEY (`MessageID`);

--
-- Tablo için indeksler `options`
--
ALTER TABLE `options`
  ADD PRIMARY KEY (`optionsID`);

--
-- Tablo için indeksler `optionvalues`
--
ALTER TABLE `optionvalues`
  ADD PRIMARY KEY (`optionValuesID`);

--
-- Tablo için indeksler `orderdetails`
--
ALTER TABLE `orderdetails`
  ADD PRIMARY KEY (`DetailID`);

--
-- Tablo için indeksler `orders`
--
ALTER TABLE `orders`
  ADD PRIMARY KEY (`OrderID`);

--
-- Tablo için indeksler `productcategories`
--
ALTER TABLE `productcategories`
  ADD PRIMARY KEY (`productCategoriesID`);

--
-- Tablo için indeksler `productphotos`
--
ALTER TABLE `productphotos`
  ADD PRIMARY KEY (`productPhotosID`);

--
-- Tablo için indeksler `products`
--
ALTER TABLE `products`
  ADD PRIMARY KEY (`ProductID`),
  ADD UNIQUE KEY `ProductCode` (`ProductCode`);

--
-- Tablo için indeksler `productsoptions`
--
ALTER TABLE `productsoptions`
  ADD PRIMARY KEY (`id`);

--
-- Tablo için indeksler `product_test`
--
ALTER TABLE `product_test`
  ADD PRIMARY KEY (`product_id`);

--
-- Tablo için indeksler `sabitsayfalar`
--
ALTER TABLE `sabitsayfalar`
  ADD PRIMARY KEY (`id`);

--
-- Tablo için indeksler `ship`
--
ALTER TABLE `ship`
  ADD PRIMARY KEY (`ShipID`);

--
-- Tablo için indeksler `shoppingcart`
--
ALTER TABLE `shoppingcart`
  ADD PRIMARY KEY (`cartID`);

--
-- Tablo için indeksler `shopping_list`
--
ALTER TABLE `shopping_list`
  ADD PRIMARY KEY (`listID`);

--
-- Tablo için indeksler `slider`
--
ALTER TABLE `slider`
  ADD PRIMARY KEY (`sliderID`);

--
-- Tablo için indeksler `sporbranch`
--
ALTER TABLE `sporbranch`
  ADD PRIMARY KEY (`sporBranchID`);

--
-- Tablo için indeksler `stock`
--
ALTER TABLE `stock`
  ADD PRIMARY KEY (`stockID`);

--
-- Tablo için indeksler `stockoptions`
--
ALTER TABLE `stockoptions`
  ADD PRIMARY KEY (`stockOptionsID`);

--
-- Tablo için indeksler `subcategories`
--
ALTER TABLE `subcategories`
  ADD PRIMARY KEY (`subCategoryID`);

--
-- Tablo için indeksler `suppliers`
--
ALTER TABLE `suppliers`
  ADD PRIMARY KEY (`SupplierID`);

--
-- Tablo için indeksler `support`
--
ALTER TABLE `support`
  ADD PRIMARY KEY (`supportID`);

--
-- Tablo için indeksler `tekliftablo`
--
ALTER TABLE `tekliftablo`
  ADD PRIMARY KEY (`ID`);

--
-- Dökümü yapılmış tablolar için AUTO_INCREMENT değeri
--

--
-- Tablo için AUTO_INCREMENT değeri `admin`
--
ALTER TABLE `admin`
  MODIFY `AdminID` int(11) NOT NULL AUTO_INCREMENT, AUTO_INCREMENT=2;

--
-- Tablo için AUTO_INCREMENT değeri `altbanner`
--
ALTER TABLE `altbanner`
  MODIFY `altbannerID` int(11) NOT NULL AUTO_INCREMENT, AUTO_INCREMENT=13;

--
-- Tablo için AUTO_INCREMENT değeri `b2b_bayi`
--
ALTER TABLE `b2b_bayi`
  MODIFY `bayi_id` int(11) NOT NULL AUTO_INCREMENT;

--
-- Tablo için AUTO_INCREMENT değeri `banner`
--
ALTER TABLE `banner`
  MODIFY `bannerID` int(11) NOT NULL AUTO_INCREMENT, AUTO_INCREMENT=10;

--
-- Tablo için AUTO_INCREMENT değeri `bireysel_fatura`
--
ALTER TABLE `bireysel_fatura`
  MODIFY `bireysel_faturaID` int(11) NOT NULL AUTO_INCREMENT, AUTO_INCREMENT=553;

--
-- Tablo için AUTO_INCREMENT değeri `brands`
--
ALTER TABLE `brands`
  MODIFY `brandsID` int(11) NOT NULL AUTO_INCREMENT, AUTO_INCREMENT=2;

--
-- Tablo için AUTO_INCREMENT değeri `categories`
--
ALTER TABLE `categories`
  MODIFY `categoriesID` int(11) NOT NULL AUTO_INCREMENT, AUTO_INCREMENT=222;

--
-- Tablo için AUTO_INCREMENT değeri `color`
--
ALTER TABLE `color`
  MODIFY `id` int(11) NOT NULL AUTO_INCREMENT, AUTO_INCREMENT=4;

--
-- Tablo için AUTO_INCREMENT değeri `completedorder`
--
ALTER TABLE `completedorder`
  MODIFY `islemID` int(11) NOT NULL AUTO_INCREMENT, AUTO_INCREMENT=116;

--
-- Tablo için AUTO_INCREMENT değeri `contact`
--
ALTER TABLE `contact`
  MODIFY `messageID` int(11) NOT NULL AUTO_INCREMENT, AUTO_INCREMENT=4;

--
-- Tablo için AUTO_INCREMENT değeri `coupon`
--
ALTER TABLE `coupon`
  MODIFY `couponID` int(11) NOT NULL AUTO_INCREMENT, AUTO_INCREMENT=3;

--
-- Tablo için AUTO_INCREMENT değeri `customers`
--
ALTER TABLE `customers`
  MODIFY `UserID` int(11) NOT NULL AUTO_INCREMENT, AUTO_INCREMENT=62;

--
-- Tablo için AUTO_INCREMENT değeri `ebulten`
--
ALTER TABLE `ebulten`
  MODIFY `bultenID` int(11) NOT NULL AUTO_INCREMENT, AUTO_INCREMENT=5;

--
-- Tablo için AUTO_INCREMENT değeri `genders`
--
ALTER TABLE `genders`
  MODIFY `gendersID` int(11) NOT NULL AUTO_INCREMENT, AUTO_INCREMENT=9;

--
-- Tablo için AUTO_INCREMENT değeri `gift`
--
ALTER TABLE `gift`
  MODIFY `giftID` int(255) NOT NULL AUTO_INCREMENT;

--
-- Tablo için AUTO_INCREMENT değeri `kullanici_yorum`
--
ALTER TABLE `kullanici_yorum`
  MODIFY `yorumID` int(11) NOT NULL AUTO_INCREMENT, AUTO_INCREMENT=7;

--
-- Tablo için AUTO_INCREMENT değeri `kurumsal_fatura`
--
ALTER TABLE `kurumsal_fatura`
  MODIFY `kurumsal_faturaID` int(11) NOT NULL AUTO_INCREMENT, AUTO_INCREMENT=53;

--
-- Tablo için AUTO_INCREMENT değeri `messages`
--
ALTER TABLE `messages`
  MODIFY `MessageID` int(11) NOT NULL AUTO_INCREMENT;

--
-- Tablo için AUTO_INCREMENT değeri `options`
--
ALTER TABLE `options`
  MODIFY `optionsID` int(11) NOT NULL AUTO_INCREMENT, AUTO_INCREMENT=18;

--
-- Tablo için AUTO_INCREMENT değeri `optionvalues`
--
ALTER TABLE `optionvalues`
  MODIFY `optionValuesID` int(11) NOT NULL AUTO_INCREMENT, AUTO_INCREMENT=113;

--
-- Tablo için AUTO_INCREMENT değeri `orderdetails`
--
ALTER TABLE `orderdetails`
  MODIFY `DetailID` int(11) NOT NULL AUTO_INCREMENT;

--
-- Tablo için AUTO_INCREMENT değeri `orders`
--
ALTER TABLE `orders`
  MODIFY `OrderID` int(11) NOT NULL AUTO_INCREMENT;

--
-- Tablo için AUTO_INCREMENT değeri `productcategories`
--
ALTER TABLE `productcategories`
  MODIFY `productCategoriesID` int(11) NOT NULL AUTO_INCREMENT, AUTO_INCREMENT=60;

--
-- Tablo için AUTO_INCREMENT değeri `productphotos`
--
ALTER TABLE `productphotos`
  MODIFY `productPhotosID` int(11) NOT NULL AUTO_INCREMENT, AUTO_INCREMENT=20;

--
-- Tablo için AUTO_INCREMENT değeri `products`
--
ALTER TABLE `products`
  MODIFY `ProductID` int(12) NOT NULL AUTO_INCREMENT, AUTO_INCREMENT=38;

--
-- Tablo için AUTO_INCREMENT değeri `productsoptions`
--
ALTER TABLE `productsoptions`
  MODIFY `id` int(11) NOT NULL AUTO_INCREMENT, AUTO_INCREMENT=7;

--
-- Tablo için AUTO_INCREMENT değeri `product_test`
--
ALTER TABLE `product_test`
  MODIFY `product_id` int(20) NOT NULL AUTO_INCREMENT, AUTO_INCREMENT=15;

--
-- Tablo için AUTO_INCREMENT değeri `sabitsayfalar`
--
ALTER TABLE `sabitsayfalar`
  MODIFY `id` int(11) NOT NULL AUTO_INCREMENT, AUTO_INCREMENT=6;

--
-- Tablo için AUTO_INCREMENT değeri `ship`
--
ALTER TABLE `ship`
  MODIFY `ShipID` int(11) NOT NULL AUTO_INCREMENT, AUTO_INCREMENT=265;

--
-- Tablo için AUTO_INCREMENT değeri `shoppingcart`
--
ALTER TABLE `shoppingcart`
  MODIFY `cartID` int(11) NOT NULL AUTO_INCREMENT, AUTO_INCREMENT=1510;

--
-- Tablo için AUTO_INCREMENT değeri `shopping_list`
--
ALTER TABLE `shopping_list`
  MODIFY `listID` int(11) NOT NULL AUTO_INCREMENT, AUTO_INCREMENT=59;

--
-- Tablo için AUTO_INCREMENT değeri `slider`
--
ALTER TABLE `slider`
  MODIFY `sliderID` int(11) NOT NULL AUTO_INCREMENT, AUTO_INCREMENT=8;

--
-- Tablo için AUTO_INCREMENT değeri `sporbranch`
--
ALTER TABLE `sporbranch`
  MODIFY `sporBranchID` int(11) NOT NULL AUTO_INCREMENT, AUTO_INCREMENT=13;

--
-- Tablo için AUTO_INCREMENT değeri `stock`
--
ALTER TABLE `stock`
  MODIFY `stockID` int(11) NOT NULL AUTO_INCREMENT, AUTO_INCREMENT=5;

--
-- Tablo için AUTO_INCREMENT değeri `stockoptions`
--
ALTER TABLE `stockoptions`
  MODIFY `stockOptionsID` int(11) NOT NULL AUTO_INCREMENT, AUTO_INCREMENT=7;

--
-- Tablo için AUTO_INCREMENT değeri `subcategories`
--
ALTER TABLE `subcategories`
  MODIFY `subCategoryID` int(11) NOT NULL AUTO_INCREMENT, AUTO_INCREMENT=7;

--
-- Tablo için AUTO_INCREMENT değeri `suppliers`
--
ALTER TABLE `suppliers`
  MODIFY `SupplierID` int(11) NOT NULL AUTO_INCREMENT;

--
-- Tablo için AUTO_INCREMENT değeri `support`
--
ALTER TABLE `support`
  MODIFY `supportID` int(11) NOT NULL AUTO_INCREMENT, AUTO_INCREMENT=23;

--
-- Tablo için AUTO_INCREMENT değeri `tekliftablo`
--
ALTER TABLE `tekliftablo`
  MODIFY `ID` int(11) NOT NULL AUTO_INCREMENT, AUTO_INCREMENT=75;
COMMIT;

/*!40101 SET CHARACTER_SET_CLIENT=@OLD_CHARACTER_SET_CLIENT */;
/*!40101 SET CHARACTER_SET_RESULTS=@OLD_CHARACTER_SET_RESULTS */;
/*!40101 SET COLLATION_CONNECTION=@OLD_COLLATION_CONNECTION */;
